{"metadata":{"kernel_spec":{"name":"SQL","language":"sql","display_name":"SQL"},"language_info":{"name":"sql","version":""}},"nbformat":4,"nbformat_minor":2,"cells":[{"cell_type":"markdown","source":["# [dbo].[AssetHistory]"],"metadata":{"urn":"Server[@Name='G2-PC-2']/Database[@Name='BaseWarehouseManagement']/Table[@Name='AssetHistory' and @Schema='dbo']","object_type":"Table"}},{"outputs":[],"execution_count":0,"cell_type":"code","source":["USE [BaseWarehouseManagement]\r\n","GO\r\n"],"metadata":{"urn":"Server[@Name='G2-PC-2']/Database[@Name='BaseWarehouseManagement']/Table[@Name='AssetHistory' and @Schema='dbo']","object_type":"Table"}},{"outputs":[],"execution_count":0,"cell_type":"code","source":["/****** Object:  Table [dbo].[AssetHistory]    Script Date: 2026/6/24 13:45:31 ******/\r\nSET ANSI_NULLS ON\r\n","GO\r\n","SET QUOTED_IDENTIFIER ON\r\n","GO\r\n","CREATE TABLE [dbo].[AssetHistory](\r\n\t[Id] [int] IDENTITY(1,1) NOT NULL,\r\n\t[FixedAssetId] [int] NOT NULL,\r\n\t[PlaceForStorageDetailId] [int] NULL,\r\n\t[UserId] [int] NULL,\r\n\t[Note] [nvarchar](50) NULL,\r\n\t[OperationTime] [datetime] NOT NULL,\r\n CONSTRAINT [PK_AssetHistory] PRIMARY KEY CLUSTERED \r\n(\r\n\t[Id] ASC\r\n)WITH (PAD_INDEX = OFF, STATISTICS_NORECOMPUTE = OFF, IGNORE_DUP_KEY = OFF, ALLOW_ROW_LOCKS = ON, ALLOW_PAGE_LOCKS = ON, OPTIMIZE_FOR_SEQUENTIAL_KEY = OFF) ON [PRIMARY]\r\n) ON [PRIMARY]\r\nGO\r\n"],"metadata":{"urn":"Server[@Name='G2-PC-2']/Database[@Name='BaseWarehouseManagement']/Table[@Name='AssetHistory' and @Schema='dbo']","object_type":"Table"}},{"cell_type":"markdown","source":["# [dbo].[FixedAsset]"],"metadata":{"urn":"Server[@Name='G2-PC-2']/Database[@Name='BaseWarehouseManagement']/Table[@Name='FixedAsset' and @Schema='dbo']","object_type":"Table"}},{"outputs":[],"execution_count":0,"cell_type":"code","source":["/****** Object:  Table [dbo].[FixedAsset]    Script Date: 2026/6/24 13:45:31 ******/\r\nSET ANSI_NULLS ON\r\n","GO\r\n","SET QUOTED_IDENTIFIER ON\r\n","GO\r\n","CREATE TABLE [dbo].[FixedAsset](\r\n\t[Id] [int] IDENTITY(1,1) NOT NULL,\r\n\t[Code] [varchar](50) NOT NULL,\r\n\t[ItemId] [int] NOT NULL,\r\n\t[IsDelete] [bit] NULL,\r\n\t[WarehouseRcordId] [int] NULL,\r\n CONSTRAINT [PK_FixedAsset] PRIMARY KEY CLUSTERED \r\n(\r\n\t[Id] ASC\r\n)WITH (PAD_INDEX = OFF, STATISTICS_NORECOMPUTE = OFF, IGNORE_DUP_KEY = OFF, ALLOW_ROW_LOCKS = ON, ALLOW_PAGE_LOCKS = ON, OPTIMIZE_FOR_SEQUENTIAL_KEY = OFF) ON [PRIMARY]\r\n) ON [PRIMARY]\r\nGO\r\n"],"metadata":{"urn":"Server[@Name='G2-PC-2']/Database[@Name='BaseWarehouseManagement']/Table[@Name='FixedAsset' and @Schema='dbo']","object_type":"Table"}},{"cell_type":"markdown","source":["# [dbo].[FixedAssetDetail]"],"metadata":{"urn":"Server[@Name='G2-PC-2']/Database[@Name='BaseWarehouseManagement']/Table[@Name='FixedAssetDetail' and @Schema='dbo']","object_type":"Table"}},{"outputs":[],"execution_count":0,"cell_type":"code","source":["/****** Object:  Table [dbo].[FixedAssetDetail]    Script Date: 2026/6/24 13:45:31 ******/\r\nSET ANSI_NULLS ON\r\n","GO\r\n","SET QUOTED_IDENTIFIER ON\r\n","GO\r\n","CREATE TABLE [dbo].[FixedAssetDetail](\r\n\t[Id] [int] NOT NULL,\r\n\t[Specification] [nvarchar](50) NULL\r\n) ON [PRIMARY]\r\nGO\r\n"],"metadata":{"urn":"Server[@Name='G2-PC-2']/Database[@Name='BaseWarehouseManagement']/Table[@Name='FixedAssetDetail' and @Schema='dbo']","object_type":"Table"}},{"cell_type":"markdown","source":["# [dbo].[HazardRecordDetail]"],"metadata":{"urn":"Server[@Name='G2-PC-2']/Database[@Name='BaseWarehouseManagement']/Table[@Name='HazardRecordDetail' and @Schema='dbo']","object_type":"Table"}},{"outputs":[],"execution_count":0,"cell_type":"code","source":["/****** Object:  Table [dbo].[HazardRecordDetail]    Script Date: 2026/6/24 13:45:31 ******/\r\nSET ANSI_NULLS ON\r\n","GO\r\n","SET QUOTED_IDENTIFIER ON\r\n","GO\r\n","CREATE TABLE [dbo].[HazardRecordDetail](\r\n\t[Id] [int] IDENTITY(1,1) NOT NULL,\r\n\t[Hint] [nvarchar](50) NOT NULL,\r\n CONSTRAINT [PK_HazardRecordDetail] PRIMARY KEY CLUSTERED \r\n(\r\n\t[Id] ASC\r\n)WITH (PAD_INDEX = OFF, STATISTICS_NORECOMPUTE = OFF, IGNORE_DUP_KEY = OFF, ALLOW_ROW_LOCKS = ON, ALLOW_PAGE_LOCKS = ON, OPTIMIZE_FOR_SEQUENTIAL_KEY = OFF) ON [PRIMARY]\r\n) ON [PRIMARY]\r\nGO\r\n"],"metadata":{"urn":"Server[@Name='G2-PC-2']/Database[@Name='BaseWarehouseManagement']/Table[@Name='HazardRecordDetail' and @Schema='dbo']","object_type":"Table"}},{"cell_type":"markdown","source":["# [dbo].[HazardState]"],"metadata":{"urn":"Server[@Name='G2-PC-2']/Database[@Name='BaseWarehouseManagement']/Table[@Name='HazardState' and @Schema='dbo']","object_type":"Table"}},{"outputs":[],"execution_count":0,"cell_type":"code","source":["/****** Object:  Table [dbo].[HazardState]    Script Date: 2026/6/24 13:45:31 ******/\r\nSET ANSI_NULLS ON\r\n","GO\r\n","SET QUOTED_IDENTIFIER ON\r\n","GO\r\n","CREATE TABLE [dbo].[HazardState](\r\n\t[Id] [int] IDENTITY(1,1) NOT NULL,\r\n\t[Name] [nvarchar](50) NOT NULL,\r\n CONSTRAINT [PK_HazardState] PRIMARY KEY CLUSTERED \r\n(\r\n\t[Id] ASC\r\n)WITH (PAD_INDEX = OFF, STATISTICS_NORECOMPUTE = OFF, IGNORE_DUP_KEY = OFF, ALLOW_ROW_LOCKS = ON, ALLOW_PAGE_LOCKS = ON, OPTIMIZE_FOR_SEQUENTIAL_KEY = OFF) ON [PRIMARY]\r\n) ON [PRIMARY]\r\nGO\r\n"],"metadata":{"urn":"Server[@Name='G2-PC-2']/Database[@Name='BaseWarehouseManagement']/Table[@Name='HazardState' and @Schema='dbo']","object_type":"Table"}},{"cell_type":"markdown","source":["# [dbo].[Inventory]"],"metadata":{"urn":"Server[@Name='G2-PC-2']/Database[@Name='BaseWarehouseManagement']/Table[@Name='Inventory' and @Schema='dbo']","object_type":"Table"}},{"outputs":[],"execution_count":0,"cell_type":"code","source":["/****** Object:  Table [dbo].[Inventory]    Script Date: 2026/6/24 13:45:31 ******/\r\nSET ANSI_NULLS ON\r\n","GO\r\n","SET QUOTED_IDENTIFIER ON\r\n","GO\r\n","CREATE TABLE [dbo].[Inventory](\r\n\t[Code] [varchar](50) NOT NULL,\r\n\t[ItemId] [int] NOT NULL,\r\n\t[Batch] [int] NOT NULL,\r\n\t[UserId] [int] NULL,\r\n\t[WarehouseRecordId] [int] NOT NULL,\r\n CONSTRAINT [PK_Inventory_1] PRIMARY KEY CLUSTERED \r\n(\r\n\t[Code] ASC\r\n)WITH (PAD_INDEX = OFF, STATISTICS_NORECOMPUTE = OFF, IGNORE_DUP_KEY = OFF, ALLOW_ROW_LOCKS = ON, ALLOW_PAGE_LOCKS = ON, OPTIMIZE_FOR_SEQUENTIAL_KEY = OFF) ON [PRIMARY]\r\n) ON [PRIMARY]\r\nGO\r\n"],"metadata":{"urn":"Server[@Name='G2-PC-2']/Database[@Name='BaseWarehouseManagement']/Table[@Name='Inventory' and @Schema='dbo']","object_type":"Table"}},{"cell_type":"markdown","source":["# [dbo].[Item]"],"metadata":{"urn":"Server[@Name='G2-PC-2']/Database[@Name='BaseWarehouseManagement']/Table[@Name='Item' and @Schema='dbo']","object_type":"Table"}},{"outputs":[],"execution_count":0,"cell_type":"code","source":["/****** Object:  Table [dbo].[Item]    Script Date: 2026/6/24 13:45:31 ******/\r\nSET ANSI_NULLS ON\r\n","GO\r\n","SET QUOTED_IDENTIFIER ON\r\n","GO\r\n","CREATE TABLE [dbo].[Item](\r\n\t[Id] [int] IDENTITY(1,1) NOT NULL,\r\n\t[Name] [nvarchar](50) NOT NULL,\r\n\t[ItemTypeId] [int] NULL,\r\n\t[SafetyInventory] [int] NULL,\r\n\t[Image] [nvarchar](100) NULL,\r\n\t[IsDelete] [bit] NULL,\r\n\t[IsFixedAssets] [bit] NULL,\r\n CONSTRAINT [PK_Item] PRIMARY KEY CLUSTERED \r\n(\r\n\t[Id] ASC\r\n)WITH (PAD_INDEX = OFF, STATISTICS_NORECOMPUTE = OFF, IGNORE_DUP_KEY = OFF, ALLOW_ROW_LOCKS = ON, ALLOW_PAGE_LOCKS = ON, OPTIMIZE_FOR_SEQUENTIAL_KEY = OFF) ON [PRIMARY]\r\n) ON [PRIMARY]\r\nGO\r\n"],"metadata":{"urn":"Server[@Name='G2-PC-2']/Database[@Name='BaseWarehouseManagement']/Table[@Name='Item' and @Schema='dbo']","object_type":"Table"}},{"cell_type":"markdown","source":["# [dbo].[ItemAndState]"],"metadata":{"urn":"Server[@Name='G2-PC-2']/Database[@Name='BaseWarehouseManagement']/Table[@Name='ItemAndState' and @Schema='dbo']","object_type":"Table"}},{"outputs":[],"execution_count":0,"cell_type":"code","source":["/****** Object:  Table [dbo].[ItemAndState]    Script Date: 2026/6/24 13:45:31 ******/\r\nSET ANSI_NULLS ON\r\n","GO\r\n","SET QUOTED_IDENTIFIER ON\r\n","GO\r\n","CREATE TABLE [dbo].[ItemAndState](\r\n\t[Id] [int] IDENTITY(1,1) NOT NULL,\r\n\t[ItemId] [int] NOT NULL,\r\n\t[HazardRecordDetailId] [int] NOT NULL,\r\n\t[HazardStateId] [int] NULL,\r\n CONSTRAINT [PK_ItemAndState] PRIMARY KEY CLUSTERED \r\n(\r\n\t[Id] ASC\r\n)WITH (PAD_INDEX = OFF, STATISTICS_NORECOMPUTE = OFF, IGNORE_DUP_KEY = OFF, ALLOW_ROW_LOCKS = ON, ALLOW_PAGE_LOCKS = ON, OPTIMIZE_FOR_SEQUENTIAL_KEY = OFF) ON [PRIMARY]\r\n) ON [PRIMARY]\r\nGO\r\n"],"metadata":{"urn":"Server[@Name='G2-PC-2']/Database[@Name='BaseWarehouseManagement']/Table[@Name='ItemAndState' and @Schema='dbo']","object_type":"Table"}},{"cell_type":"markdown","source":["# [dbo].[ItemType]"],"metadata":{"urn":"Server[@Name='G2-PC-2']/Database[@Name='BaseWarehouseManagement']/Table[@Name='ItemType' and @Schema='dbo']","object_type":"Table"}},{"outputs":[],"execution_count":0,"cell_type":"code","source":["/****** Object:  Table [dbo].[ItemType]    Script Date: 2026/6/24 13:45:31 ******/\r\nSET ANSI_NULLS ON\r\n","GO\r\n","SET QUOTED_IDENTIFIER ON\r\n","GO\r\n","CREATE TABLE [dbo].[ItemType](\r\n\t[Id] [int] IDENTITY(1,1) NOT NULL,\r\n\t[Name] [nvarchar](50) NOT NULL,\r\n CONSTRAINT [PK_ItemTypeSon] PRIMARY KEY CLUSTERED \r\n(\r\n\t[Id] ASC\r\n)WITH (PAD_INDEX = OFF, STATISTICS_NORECOMPUTE = OFF, IGNORE_DUP_KEY = OFF, ALLOW_ROW_LOCKS = ON, ALLOW_PAGE_LOCKS = ON, OPTIMIZE_FOR_SEQUENTIAL_KEY = OFF) ON [PRIMARY]\r\n) ON [PRIMARY]\r\nGO\r\n"],"metadata":{"urn":"Server[@Name='G2-PC-2']/Database[@Name='BaseWarehouseManagement']/Table[@Name='ItemType' and @Schema='dbo']","object_type":"Table"}},{"cell_type":"markdown","source":["# [dbo].[PlaceForStorage]"],"metadata":{"urn":"Server[@Name='G2-PC-2']/Database[@Name='BaseWarehouseManagement']/Table[@Name='PlaceForStorage' and @Schema='dbo']","object_type":"Table"}},{"outputs":[],"execution_count":0,"cell_type":"code","source":["/****** Object:  Table [dbo].[PlaceForStorage]    Script Date: 2026/6/24 13:45:31 ******/\r\nSET ANSI_NULLS ON\r\n","GO\r\n","SET QUOTED_IDENTIFIER ON\r\n","GO\r\n","CREATE TABLE [dbo].[PlaceForStorage](\r\n\t[Id] [int] IDENTITY(1,1) NOT NULL,\r\n\t[Name] [nvarchar](50) NOT NULL,\r\n\t[Image] [nvarchar](100) NULL,\r\n CONSTRAINT [PK_PlaceForStorage] PRIMARY KEY CLUSTERED \r\n(\r\n\t[Id] ASC\r\n)WITH (PAD_INDEX = OFF, STATISTICS_NORECOMPUTE = OFF, IGNORE_DUP_KEY = OFF, ALLOW_ROW_LOCKS = ON, ALLOW_PAGE_LOCKS = ON, OPTIMIZE_FOR_SEQUENTIAL_KEY = OFF) ON [PRIMARY]\r\n) ON [PRIMARY]\r\nGO\r\n"],"metadata":{"urn":"Server[@Name='G2-PC-2']/Database[@Name='BaseWarehouseManagement']/Table[@Name='PlaceForStorage' and @Schema='dbo']","object_type":"Table"}},{"cell_type":"markdown","source":["# [dbo].[PlaceForStorageDetail]"],"metadata":{"urn":"Server[@Name='G2-PC-2']/Database[@Name='BaseWarehouseManagement']/Table[@Name='PlaceForStorageDetail' and @Schema='dbo']","object_type":"Table"}},{"outputs":[],"execution_count":0,"cell_type":"code","source":["/****** Object:  Table [dbo].[PlaceForStorageDetail]    Script Date: 2026/6/24 13:45:31 ******/\r\nSET ANSI_NULLS ON\r\n","GO\r\n","SET QUOTED_IDENTIFIER ON\r\n","GO\r\n","CREATE TABLE [dbo].[PlaceForStorageDetail](\r\n\t[Id] [int] IDENTITY(1,1) NOT NULL,\r\n\t[Name] [nvarchar](50) NOT NULL,\r\n\t[StateId] [int] NOT NULL,\r\n\t[PlaceForStorageId] [int] NOT NULL,\r\n CONSTRAINT [PK_PlaceForStorageDetail] PRIMARY KEY CLUSTERED \r\n(\r\n\t[Id] ASC\r\n)WITH (PAD_INDEX = OFF, STATISTICS_NORECOMPUTE = OFF, IGNORE_DUP_KEY = OFF, ALLOW_ROW_LOCKS = ON, ALLOW_PAGE_LOCKS = ON, OPTIMIZE_FOR_SEQUENTIAL_KEY = OFF) ON [PRIMARY]\r\n) ON [PRIMARY]\r\nGO\r\n"],"metadata":{"urn":"Server[@Name='G2-PC-2']/Database[@Name='BaseWarehouseManagement']/Table[@Name='PlaceForStorageDetail' and @Schema='dbo']","object_type":"Table"}},{"cell_type":"markdown","source":["# [dbo].[PlaceForStorageDetailState]"],"metadata":{"urn":"Server[@Name='G2-PC-2']/Database[@Name='BaseWarehouseManagement']/Table[@Name='PlaceForStorageDetailState' and @Schema='dbo']","object_type":"Table"}},{"outputs":[],"execution_count":0,"cell_type":"code","source":["/****** Object:  Table [dbo].[PlaceForStorageDetailState]    Script Date: 2026/6/24 13:45:31 ******/\r\nSET ANSI_NULLS ON\r\n","GO\r\n","SET QUOTED_IDENTIFIER ON\r\n","GO\r\n","CREATE TABLE [dbo].[PlaceForStorageDetailState](\r\n\t[Id] [int] IDENTITY(1,1) NOT NULL,\r\n\t[Name] [nvarchar](50) NOT NULL,\r\n CONSTRAINT [PK_PlaceForStorageDetailState] PRIMARY KEY CLUSTERED \r\n(\r\n\t[Id] ASC\r\n)WITH (PAD_INDEX = OFF, STATISTICS_NORECOMPUTE = OFF, IGNORE_DUP_KEY = OFF, ALLOW_ROW_LOCKS = ON, ALLOW_PAGE_LOCKS = ON, OPTIMIZE_FOR_SEQUENTIAL_KEY = OFF) ON [PRIMARY]\r\n) ON [PRIMARY]\r\nGO\r\n"],"metadata":{"urn":"Server[@Name='G2-PC-2']/Database[@Name='BaseWarehouseManagement']/Table[@Name='PlaceForStorageDetailState' and @Schema='dbo']","object_type":"Table"}},{"cell_type":"markdown","source":["# [dbo].[RecordType]"],"metadata":{"urn":"Server[@Name='G2-PC-2']/Database[@Name='BaseWarehouseManagement']/Table[@Name='RecordType' and @Schema='dbo']","object_type":"Table"}},{"outputs":[],"execution_count":0,"cell_type":"code","source":["/****** Object:  Table [dbo].[RecordType]    Script Date: 2026/6/24 13:45:31 ******/\r\nSET ANSI_NULLS ON\r\n","GO\r\n","SET QUOTED_IDENTIFIER ON\r\n","GO\r\n","CREATE TABLE [dbo].[RecordType](\r\n\t[Id] [int] IDENTITY(1,1) NOT NULL,\r\n\t[Name] [nvarchar](50) NOT NULL,\r\n CONSTRAINT [PK_RecordType] PRIMARY KEY CLUSTERED \r\n(\r\n\t[Id] ASC\r\n)WITH (PAD_INDEX = OFF, STATISTICS_NORECOMPUTE = OFF, IGNORE_DUP_KEY = OFF, ALLOW_ROW_LOCKS = ON, ALLOW_PAGE_LOCKS = ON, OPTIMIZE_FOR_SEQUENTIAL_KEY = OFF) ON [PRIMARY]\r\n) ON [PRIMARY]\r\nGO\r\n"],"metadata":{"urn":"Server[@Name='G2-PC-2']/Database[@Name='BaseWarehouseManagement']/Table[@Name='RecordType' and @Schema='dbo']","object_type":"Table"}},{"cell_type":"markdown","source":["# [dbo].[ReocordState]"],"metadata":{"urn":"Server[@Name='G2-PC-2']/Database[@Name='BaseWarehouseManagement']/Table[@Name='ReocordState' and @Schema='dbo']","object_type":"Table"}},{"outputs":[],"execution_count":0,"cell_type":"code","source":["/****** Object:  Table [dbo].[ReocordState]    Script Date: 2026/6/24 13:45:31 ******/\r\nSET ANSI_NULLS ON\r\n","GO\r\n","SET QUOTED_IDENTIFIER ON\r\n","GO\r\n","CREATE TABLE [dbo].[ReocordState](\r\n\t[Id] [int] IDENTITY(1,1) NOT NULL,\r\n\t[Name] [nvarchar](50) NOT NULL,\r\n CONSTRAINT [PK_ReocordState] PRIMARY KEY CLUSTERED \r\n(\r\n\t[Id] ASC\r\n)WITH (PAD_INDEX = OFF, STATISTICS_NORECOMPUTE = OFF, IGNORE_DUP_KEY = OFF, ALLOW_ROW_LOCKS = ON, ALLOW_PAGE_LOCKS = ON, OPTIMIZE_FOR_SEQUENTIAL_KEY = OFF) ON [PRIMARY]\r\n) ON [PRIMARY]\r\nGO\r\n"],"metadata":{"urn":"Server[@Name='G2-PC-2']/Database[@Name='BaseWarehouseManagement']/Table[@Name='ReocordState' and @Schema='dbo']","object_type":"Table"}},{"cell_type":"markdown","source":["# [dbo].[Role]"],"metadata":{"urn":"Server[@Name='G2-PC-2']/Database[@Name='BaseWarehouseManagement']/Table[@Name='Role' and @Schema='dbo']","object_type":"Table"}},{"outputs":[],"execution_count":0,"cell_type":"code","source":["/****** Object:  Table [dbo].[Role]    Script Date: 2026/6/24 13:45:31 ******/\r\nSET ANSI_NULLS ON\r\n","GO\r\n","SET QUOTED_IDENTIFIER ON\r\n","GO\r\n","CREATE TABLE [dbo].[Role](\r\n\t[Id] [int] IDENTITY(1,1) NOT NULL,\r\n\t[Name] [nvarchar](50) NOT NULL,\r\n CONSTRAINT [PK_Role] PRIMARY KEY CLUSTERED \r\n(\r\n\t[Id] ASC\r\n)WITH (PAD_INDEX = OFF, STATISTICS_NORECOMPUTE = OFF, IGNORE_DUP_KEY = OFF, ALLOW_ROW_LOCKS = ON, ALLOW_PAGE_LOCKS = ON, OPTIMIZE_FOR_SEQUENTIAL_KEY = OFF) ON [PRIMARY]\r\n) ON [PRIMARY]\r\nGO\r\n"],"metadata":{"urn":"Server[@Name='G2-PC-2']/Database[@Name='BaseWarehouseManagement']/Table[@Name='Role' and @Schema='dbo']","object_type":"Table"}},{"cell_type":"markdown","source":["# [dbo].[User]"],"metadata":{"urn":"Server[@Name='G2-PC-2']/Database[@Name='BaseWarehouseManagement']/Table[@Name='User' and @Schema='dbo']","object_type":"Table"}},{"outputs":[],"execution_count":0,"cell_type":"code","source":["/****** Object:  Table [dbo].[User]    Script Date: 2026/6/24 13:45:31 ******/\r\nSET ANSI_NULLS ON\r\n","GO\r\n","SET QUOTED_IDENTIFIER ON\r\n","GO\r\n","CREATE TABLE [dbo].[User](\r\n\t[Id] [int] IDENTITY(1,1) NOT NULL,\r\n\t[Name] [nvarchar](50) NOT NULL,\r\n\t[Password] [varchar](50) NOT NULL,\r\n\t[RoleId] [int] NOT NULL,\r\n CONSTRAINT [PK_User] PRIMARY KEY CLUSTERED \r\n(\r\n\t[Id] ASC\r\n)WITH (PAD_INDEX = OFF, STATISTICS_NORECOMPUTE = OFF, IGNORE_DUP_KEY = OFF, ALLOW_ROW_LOCKS = ON, ALLOW_PAGE_LOCKS = ON, OPTIMIZE_FOR_SEQUENTIAL_KEY = OFF) ON [PRIMARY]\r\n) ON [PRIMARY]\r\nGO\r\n"],"metadata":{"urn":"Server[@Name='G2-PC-2']/Database[@Name='BaseWarehouseManagement']/Table[@Name='User' and @Schema='dbo']","object_type":"Table"}},{"cell_type":"markdown","source":["# [dbo].[WarehouseRecords]"],"metadata":{"urn":"Server[@Name='G2-PC-2']/Database[@Name='BaseWarehouseManagement']/Table[@Name='WarehouseRecords' and @Schema='dbo']","object_type":"Table"}},{"outputs":[],"execution_count":0,"cell_type":"code","source":["/****** Object:  Table [dbo].[WarehouseRecords]    Script Date: 2026/6/24 13:45:31 ******/\r\nSET ANSI_NULLS ON\r\n","GO\r\n","SET QUOTED_IDENTIFIER ON\r\n","GO\r\n","CREATE TABLE [dbo].[WarehouseRecords](\r\n\t[Id] [int] IDENTITY(1,1) NOT NULL,\r\n\t[RecordTypeId] [int] NOT NULL,\r\n\t[ItemId] [int] NOT NULL,\r\n\t[ItemCount] [int] NOT NULL,\r\n\t[Note] [nvarchar](50) NULL,\r\n\t[CreateTime] [datetime] NOT NULL,\r\n\t[EndTime] [datetime] NOT NULL,\r\n\t[FinishedTime] [datetime] NULL,\r\n\t[RecordStateId] [int] NOT NULL,\r\n\t[UserId] [int] NULL,\r\n\t[PlaceForStorageDetailId] [int] NOT NULL,\r\n\t[IsDelete] [bit] NOT NULL,\r\n\t[Batch] [int] NULL,\r\n CONSTRAINT [PK_WarehouseRecords] PRIMARY KEY CLUSTERED \r\n(\r\n\t[Id] ASC\r\n)WITH (PAD_INDEX = OFF, STATISTICS_NORECOMPUTE = OFF, IGNORE_DUP_KEY = OFF, ALLOW_ROW_LOCKS = ON, ALLOW_PAGE_LOCKS = ON, OPTIMIZE_FOR_SEQUENTIAL_KEY = OFF) ON [PRIMARY]\r\n) ON [PRIMARY]\r\nGO\r\n"],"metadata":{"urn":"Server[@Name='G2-PC-2']/Database[@Name='BaseWarehouseManagement']/Table[@Name='WarehouseRecords' and @Schema='dbo']","object_type":"Table"}},{"cell_type":"markdown","source":["# [dbo].[AssetHistory]"],"metadata":{"urn":"Server[@Name='G2-PC-2']/Database[@Name='BaseWarehouseManagement']/Table[@Name='AssetHistory' and @Schema='dbo']","object_type":"Table"}},{"outputs":[],"execution_count":0,"cell_type":"code","source":["SET IDENTITY_INSERT [dbo].[AssetHistory] ON \r\n","INSERT [dbo].[AssetHistory] ([Id], [FixedAssetId], [PlaceForStorageDetailId], [UserId], [Note], [OperationTime]) VALUES (1, 1, 1, NULL, NULL, CAST(N'2026-06-21T02:05:36.020' AS DateTime))\r\n","INSERT [dbo].[AssetHistory] ([Id], [FixedAssetId], [PlaceForStorageDetailId], [UserId], [Note], [OperationTime]) VALUES (2, 2, 1, NULL, NULL, CAST(N'2026-06-21T02:05:36.047' AS DateTime))\r\n","INSERT [dbo].[AssetHistory] ([Id], [FixedAssetId], [PlaceForStorageDetailId], [UserId], [Note], [OperationTime]) VALUES (3, 3, 1, NULL, NULL, CAST(N'2026-06-21T02:05:36.050' AS DateTime))\r\n","INSERT [dbo].[AssetHistory] ([Id], [FixedAssetId], [PlaceForStorageDetailId], [UserId], [Note], [OperationTime]) VALUES (4, 4, 1, NULL, NULL, CAST(N'2026-06-21T02:05:36.053' AS DateTime))\r\n","INSERT [dbo].[AssetHistory] ([Id], [FixedAssetId], [PlaceForStorageDetailId], [UserId], [Note], [OperationTime]) VALUES (5, 5, 1, NULL, NULL, CAST(N'2026-06-21T02:05:36.057' AS DateTime))\r\n","INSERT [dbo].[AssetHistory] ([Id], [FixedAssetId], [PlaceForStorageDetailId], [UserId], [Note], [OperationTime]) VALUES (6, 6, 1, NULL, NULL, CAST(N'2026-06-21T02:05:36.057' AS DateTime))\r\n","INSERT [dbo].[AssetHistory] ([Id], [FixedAssetId], [PlaceForStorageDetailId], [UserId], [Note], [OperationTime]) VALUES (7, 7, 1, NULL, NULL, CAST(N'2026-06-21T02:05:36.060' AS DateTime))\r\n","INSERT [dbo].[AssetHistory] ([Id], [FixedAssetId], [PlaceForStorageDetailId], [UserId], [Note], [OperationTime]) VALUES (8, 8, 1, NULL, NULL, CAST(N'2026-06-21T02:05:36.063' AS DateTime))\r\n","INSERT [dbo].[AssetHistory] ([Id], [FixedAssetId], [PlaceForStorageDetailId], [UserId], [Note], [OperationTime]) VALUES (9, 9, 1, NULL, NULL, CAST(N'2026-06-21T02:05:36.067' AS DateTime))\r\n","INSERT [dbo].[AssetHistory] ([Id], [FixedAssetId], [PlaceForStorageDetailId], [UserId], [Note], [OperationTime]) VALUES (10, 10, 1, NULL, NULL, CAST(N'2026-06-21T02:05:36.067' AS DateTime))\r\n","INSERT [dbo].[AssetHistory] ([Id], [FixedAssetId], [PlaceForStorageDetailId], [UserId], [Note], [OperationTime]) VALUES (11, 11, 1, NULL, NULL, CAST(N'2026-06-21T02:05:36.070' AS DateTime))\r\n","INSERT [dbo].[AssetHistory] ([Id], [FixedAssetId], [PlaceForStorageDetailId], [UserId], [Note], [OperationTime]) VALUES (12, 12, 1, NULL, NULL, CAST(N'2026-06-21T02:05:36.073' AS DateTime))\r\n","INSERT [dbo].[AssetHistory] ([Id], [FixedAssetId], [PlaceForStorageDetailId], [UserId], [Note], [OperationTime]) VALUES (13, 13, 1, NULL, NULL, CAST(N'2026-06-21T02:05:36.077' AS DateTime))\r\n","INSERT [dbo].[AssetHistory] ([Id], [FixedAssetId], [PlaceForStorageDetailId], [UserId], [Note], [OperationTime]) VALUES (14, 14, 1, NULL, NULL, CAST(N'2026-06-21T02:05:36.077' AS DateTime))\r\n","INSERT [dbo].[AssetHistory] ([Id], [FixedAssetId], [PlaceForStorageDetailId], [UserId], [Note], [OperationTime]) VALUES (15, 15, 1, NULL, NULL, CAST(N'2026-06-21T02:05:36.080' AS DateTime))\r\n","INSERT [dbo].[AssetHistory] ([Id], [FixedAssetId], [PlaceForStorageDetailId], [UserId], [Note], [OperationTime]) VALUES (16, 16, 1, NULL, NULL, CAST(N'2026-06-21T02:05:36.083' AS DateTime))\r\n","INSERT [dbo].[AssetHistory] ([Id], [FixedAssetId], [PlaceForStorageDetailId], [UserId], [Note], [OperationTime]) VALUES (17, 17, 1, NULL, NULL, CAST(N'2026-06-21T02:05:36.087' AS DateTime))\r\n","INSERT [dbo].[AssetHistory] ([Id], [FixedAssetId], [PlaceForStorageDetailId], [UserId], [Note], [OperationTime]) VALUES (18, 18, 1, NULL, NULL, CAST(N'2026-06-21T02:05:36.087' AS DateTime))\r\n","INSERT [dbo].[AssetHistory] ([Id], [FixedAssetId], [PlaceForStorageDetailId], [UserId], [Note], [OperationTime]) VALUES (19, 19, 1, NULL, NULL, CAST(N'2026-06-21T02:05:36.090' AS DateTime))\r\n","INSERT [dbo].[AssetHistory] ([Id], [FixedAssetId], [PlaceForStorageDetailId], [UserId], [Note], [OperationTime]) VALUES (20, 20, 1, NULL, NULL, CAST(N'2026-06-21T02:05:36.093' AS DateTime))\r\n","INSERT [dbo].[AssetHistory] ([Id], [FixedAssetId], [PlaceForStorageDetailId], [UserId], [Note], [OperationTime]) VALUES (21, 21, 1, NULL, NULL, CAST(N'2026-06-21T02:05:36.097' AS DateTime))\r\n","INSERT [dbo].[AssetHistory] ([Id], [FixedAssetId], [PlaceForStorageDetailId], [UserId], [Note], [OperationTime]) VALUES (22, 22, 1, NULL, NULL, CAST(N'2026-06-21T02:05:37.747' AS DateTime))\r\n","INSERT [dbo].[AssetHistory] ([Id], [FixedAssetId], [PlaceForStorageDetailId], [UserId], [Note], [OperationTime]) VALUES (23, 23, 1, NULL, NULL, CAST(N'2026-06-21T02:05:37.750' AS DateTime))\r\n","INSERT [dbo].[AssetHistory] ([Id], [FixedAssetId], [PlaceForStorageDetailId], [UserId], [Note], [OperationTime]) VALUES (24, 24, 1, NULL, NULL, CAST(N'2026-06-21T02:05:37.753' AS DateTime))\r\n","INSERT [dbo].[AssetHistory] ([Id], [FixedAssetId], [PlaceForStorageDetailId], [UserId], [Note], [OperationTime]) VALUES (25, 25, 1, NULL, NULL, CAST(N'2026-06-21T02:05:37.757' AS DateTime))\r\n","INSERT [dbo].[AssetHistory] ([Id], [FixedAssetId], [PlaceForStorageDetailId], [UserId], [Note], [OperationTime]) VALUES (26, 26, 1, NULL, NULL, CAST(N'2026-06-21T02:05:37.760' AS DateTime))\r\n","INSERT [dbo].[AssetHistory] ([Id], [FixedAssetId], [PlaceForStorageDetailId], [UserId], [Note], [OperationTime]) VALUES (27, 27, 1, NULL, NULL, CAST(N'2026-06-21T02:05:37.760' AS DateTime))\r\n","INSERT [dbo].[AssetHistory] ([Id], [FixedAssetId], [PlaceForStorageDetailId], [UserId], [Note], [OperationTime]) VALUES (28, 28, 1, NULL, NULL, CAST(N'2026-06-21T02:05:37.763' AS DateTime))\r\n","INSERT [dbo].[AssetHistory] ([Id], [FixedAssetId], [PlaceForStorageDetailId], [UserId], [Note], [OperationTime]) VALUES (29, 29, 1, NULL, NULL, CAST(N'2026-06-21T02:05:37.767' AS DateTime))\r\n","INSERT [dbo].[AssetHistory] ([Id], [FixedAssetId], [PlaceForStorageDetailId], [UserId], [Note], [OperationTime]) VALUES (30, 30, 1, NULL, NULL, CAST(N'2026-06-21T02:05:37.770' AS DateTime))\r\n","INSERT [dbo].[AssetHistory] ([Id], [FixedAssetId], [PlaceForStorageDetailId], [UserId], [Note], [OperationTime]) VALUES (31, 31, 1, NULL, NULL, CAST(N'2026-06-21T02:05:37.773' AS DateTime))\r\n","INSERT [dbo].[AssetHistory] ([Id], [FixedAssetId], [PlaceForStorageDetailId], [UserId], [Note], [OperationTime]) VALUES (32, 32, 1, NULL, NULL, CAST(N'2026-06-21T02:05:37.777' AS DateTime))\r\n","INSERT [dbo].[AssetHistory] ([Id], [FixedAssetId], [PlaceForStorageDetailId], [UserId], [Note], [OperationTime]) VALUES (33, 33, 1, NULL, NULL, CAST(N'2026-06-21T02:05:37.780' AS DateTime))\r\n","INSERT [dbo].[AssetHistory] ([Id], [FixedAssetId], [PlaceForStorageDetailId], [UserId], [Note], [OperationTime]) VALUES (34, 34, 1, NULL, NULL, CAST(N'2026-06-21T02:05:37.780' AS DateTime))\r\n","INSERT [dbo].[AssetHistory] ([Id], [FixedAssetId], [PlaceForStorageDetailId], [UserId], [Note], [OperationTime]) VALUES (35, 35, 1, NULL, NULL, CAST(N'2026-06-21T02:05:37.783' AS DateTime))\r\n","INSERT [dbo].[AssetHistory] ([Id], [FixedAssetId], [PlaceForStorageDetailId], [UserId], [Note], [OperationTime]) VALUES (36, 36, 1, NULL, NULL, CAST(N'2026-06-21T02:05:37.787' AS DateTime))\r\n","INSERT [dbo].[AssetHistory] ([Id], [FixedAssetId], [PlaceForStorageDetailId], [UserId], [Note], [OperationTime]) VALUES (37, 37, 1, NULL, NULL, CAST(N'2026-06-21T02:05:37.790' AS DateTime))\r\n","INSERT [dbo].[AssetHistory] ([Id], [FixedAssetId], [PlaceForStorageDetailId], [UserId], [Note], [OperationTime]) VALUES (38, 38, 1, NULL, NULL, CAST(N'2026-06-21T02:05:37.793' AS DateTime))\r\n","INSERT [dbo].[AssetHistory] ([Id], [FixedAssetId], [PlaceForStorageDetailId], [UserId], [Note], [OperationTime]) VALUES (39, 39, 1, NULL, NULL, CAST(N'2026-06-21T02:05:37.797' AS DateTime))\r\n","INSERT [dbo].[AssetHistory] ([Id], [FixedAssetId], [PlaceForStorageDetailId], [UserId], [Note], [OperationTime]) VALUES (40, 40, 1, NULL, NULL, CAST(N'2026-06-21T02:05:37.800' AS DateTime))\r\n","INSERT [dbo].[AssetHistory] ([Id], [FixedAssetId], [PlaceForStorageDetailId], [UserId], [Note], [OperationTime]) VALUES (41, 41, 1, NULL, NULL, CAST(N'2026-06-21T02:05:37.803' AS DateTime))\r\n","INSERT [dbo].[AssetHistory] ([Id], [FixedAssetId], [PlaceForStorageDetailId], [UserId], [Note], [OperationTime]) VALUES (42, 42, 1, NULL, NULL, CAST(N'2026-06-21T02:05:37.803' AS DateTime))\r\n","INSERT [dbo].[AssetHistory] ([Id], [FixedAssetId], [PlaceForStorageDetailId], [UserId], [Note], [OperationTime]) VALUES (43, 43, 1, NULL, NULL, CAST(N'2026-06-21T02:05:37.807' AS DateTime))\r\n","INSERT [dbo].[AssetHistory] ([Id], [FixedAssetId], [PlaceForStorageDetailId], [UserId], [Note], [OperationTime]) VALUES (44, 44, 1, NULL, NULL, CAST(N'2026-06-21T02:05:37.810' AS DateTime))\r\n","INSERT [dbo].[AssetHistory] ([Id], [FixedAssetId], [PlaceForStorageDetailId], [UserId], [Note], [OperationTime]) VALUES (45, 45, 1, NULL, NULL, CAST(N'2026-06-21T02:05:37.813' AS DateTime))\r\n","INSERT [dbo].[AssetHistory] ([Id], [FixedAssetId], [PlaceForStorageDetailId], [UserId], [Note], [OperationTime]) VALUES (46, 46, 1, NULL, NULL, CAST(N'2026-06-21T02:05:37.817' AS DateTime))\r\n","INSERT [dbo].[AssetHistory] ([Id], [FixedAssetId], [PlaceForStorageDetailId], [UserId], [Note], [OperationTime]) VALUES (47, 47, 1, NULL, NULL, CAST(N'2026-06-21T02:05:37.820' AS DateTime))\r\n","INSERT [dbo].[AssetHistory] ([Id], [FixedAssetId], [PlaceForStorageDetailId], [UserId], [Note], [OperationTime]) VALUES (48, 48, 1, NULL, NULL, CAST(N'2026-06-21T02:05:37.823' AS DateTime))\r\n","INSERT [dbo].[AssetHistory] ([Id], [FixedAssetId], [PlaceForStorageDetailId], [UserId], [Note], [OperationTime]) VALUES (49, 49, 1, NULL, NULL, CAST(N'2026-06-21T02:05:37.827' AS DateTime))\r\n","INSERT [dbo].[AssetHistory] ([Id], [FixedAssetId], [PlaceForStorageDetailId], [UserId], [Note], [OperationTime]) VALUES (50, 50, 1, NULL, NULL, CAST(N'2026-06-21T02:05:37.830' AS DateTime))\r\n","INSERT [dbo].[AssetHistory] ([Id], [FixedAssetId], [PlaceForStorageDetailId], [UserId], [Note], [OperationTime]) VALUES (51, 51, 1, NULL, NULL, CAST(N'2026-06-21T02:05:37.833' AS DateTime))\r\n","INSERT [dbo].[AssetHistory] ([Id], [FixedAssetId], [PlaceForStorageDetailId], [UserId], [Note], [OperationTime]) VALUES (52, 52, 1, NULL, NULL, CAST(N'2026-06-21T02:05:37.833' AS DateTime))\r\n","INSERT [dbo].[AssetHistory] ([Id], [FixedAssetId], [PlaceForStorageDetailId], [UserId], [Note], [OperationTime]) VALUES (53, 53, 1, NULL, NULL, CAST(N'2026-06-21T02:05:37.837' AS DateTime))\r\n","INSERT [dbo].[AssetHistory] ([Id], [FixedAssetId], [PlaceForStorageDetailId], [UserId], [Note], [OperationTime]) VALUES (54, 54, 1, NULL, NULL, CAST(N'2026-06-21T02:05:37.843' AS DateTime))\r\n","INSERT [dbo].[AssetHistory] ([Id], [FixedAssetId], [PlaceForStorageDetailId], [UserId], [Note], [OperationTime]) VALUES (55, 55, 1, NULL, NULL, CAST(N'2026-06-21T02:05:37.847' AS DateTime))\r\n","INSERT [dbo].[AssetHistory] ([Id], [FixedAssetId], [PlaceForStorageDetailId], [UserId], [Note], [OperationTime]) VALUES (56, 56, 1, NULL, NULL, CAST(N'2026-06-21T02:05:37.850' AS DateTime))\r\n","INSERT [dbo].[AssetHistory] ([Id], [FixedAssetId], [PlaceForStorageDetailId], [UserId], [Note], [OperationTime]) VALUES (57, 57, 1, NULL, NULL, CAST(N'2026-06-21T02:05:37.853' AS DateTime))\r\n","INSERT [dbo].[AssetHistory] ([Id], [FixedAssetId], [PlaceForStorageDetailId], [UserId], [Note], [OperationTime]) VALUES (58, 58, 1, NULL, NULL, CAST(N'2026-06-21T02:05:37.857' AS DateTime))\r\n","INSERT [dbo].[AssetHistory] ([Id], [FixedAssetId], [PlaceForStorageDetailId], [UserId], [Note], [OperationTime]) VALUES (59, 59, 1, NULL, NULL, CAST(N'2026-06-21T02:05:37.860' AS DateTime))\r\n","INSERT [dbo].[AssetHistory] ([Id], [FixedAssetId], [PlaceForStorageDetailId], [UserId], [Note], [OperationTime]) VALUES (60, 60, 1, NULL, NULL, CAST(N'2026-06-21T02:05:37.863' AS DateTime))\r\n","INSERT [dbo].[AssetHistory] ([Id], [FixedAssetId], [PlaceForStorageDetailId], [UserId], [Note], [OperationTime]) VALUES (61, 61, 1, NULL, NULL, CAST(N'2026-06-21T02:05:37.867' AS DateTime))\r\n","INSERT [dbo].[AssetHistory] ([Id], [FixedAssetId], [PlaceForStorageDetailId], [UserId], [Note], [OperationTime]) VALUES (62, 62, 1, NULL, NULL, CAST(N'2026-06-21T02:05:37.870' AS DateTime))\r\n","INSERT [dbo].[AssetHistory] ([Id], [FixedAssetId], [PlaceForStorageDetailId], [UserId], [Note], [OperationTime]) VALUES (63, 63, 1, NULL, NULL, CAST(N'2026-06-21T02:19:33.407' AS DateTime))\r\n","INSERT [dbo].[AssetHistory] ([Id], [FixedAssetId], [PlaceForStorageDetailId], [UserId], [Note], [OperationTime]) VALUES (64, 64, 1, NULL, NULL, CAST(N'2026-06-21T02:19:33.443' AS DateTime))\r\n","INSERT [dbo].[AssetHistory] ([Id], [FixedAssetId], [PlaceForStorageDetailId], [UserId], [Note], [OperationTime]) VALUES (65, 65, 1, NULL, NULL, CAST(N'2026-06-21T02:19:33.450' AS DateTime))\r\n","INSERT [dbo].[AssetHistory] ([Id], [FixedAssetId], [PlaceForStorageDetailId], [UserId], [Note], [OperationTime]) VALUES (66, 66, 1, NULL, NULL, CAST(N'2026-06-21T02:19:33.453' AS DateTime))\r\n","INSERT [dbo].[AssetHistory] ([Id], [FixedAssetId], [PlaceForStorageDetailId], [UserId], [Note], [OperationTime]) VALUES (67, 67, 1, NULL, NULL, CAST(N'2026-06-21T02:19:33.457' AS DateTime))\r\n","INSERT [dbo].[AssetHistory] ([Id], [FixedAssetId], [PlaceForStorageDetailId], [UserId], [Note], [OperationTime]) VALUES (68, 68, 1, NULL, NULL, CAST(N'2026-06-21T02:19:33.463' AS DateTime))\r\n","INSERT [dbo].[AssetHistory] ([Id], [FixedAssetId], [PlaceForStorageDetailId], [UserId], [Note], [OperationTime]) VALUES (69, 69, 1, NULL, NULL, CAST(N'2026-06-21T02:19:33.467' AS DateTime))\r\n","INSERT [dbo].[AssetHistory] ([Id], [FixedAssetId], [PlaceForStorageDetailId], [UserId], [Note], [OperationTime]) VALUES (70, 70, 1, NULL, NULL, CAST(N'2026-06-21T02:19:33.473' AS DateTime))\r\n","INSERT [dbo].[AssetHistory] ([Id], [FixedAssetId], [PlaceForStorageDetailId], [UserId], [Note], [OperationTime]) VALUES (71, 71, 1, NULL, NULL, CAST(N'2026-06-21T02:19:33.477' AS DateTime))\r\n","INSERT [dbo].[AssetHistory] ([Id], [FixedAssetId], [PlaceForStorageDetailId], [UserId], [Note], [OperationTime]) VALUES (72, 72, 1, NULL, NULL, CAST(N'2026-06-21T02:19:33.483' AS DateTime))\r\n","INSERT [dbo].[AssetHistory] ([Id], [FixedAssetId], [PlaceForStorageDetailId], [UserId], [Note], [OperationTime]) VALUES (73, 73, 1, NULL, NULL, CAST(N'2026-06-21T02:19:33.487' AS DateTime))\r\n","INSERT [dbo].[AssetHistory] ([Id], [FixedAssetId], [PlaceForStorageDetailId], [UserId], [Note], [OperationTime]) VALUES (74, 74, 1, NULL, NULL, CAST(N'2026-06-21T02:19:33.490' AS DateTime))\r\n","INSERT [dbo].[AssetHistory] ([Id], [FixedAssetId], [PlaceForStorageDetailId], [UserId], [Note], [OperationTime]) VALUES (75, 75, 1, NULL, NULL, CAST(N'2026-06-21T02:19:33.497' AS DateTime))\r\n","INSERT [dbo].[AssetHistory] ([Id], [FixedAssetId], [PlaceForStorageDetailId], [UserId], [Note], [OperationTime]) VALUES (76, 76, 1, NULL, NULL, CAST(N'2026-06-21T02:19:33.503' AS DateTime))\r\n","INSERT [dbo].[AssetHistory] ([Id], [FixedAssetId], [PlaceForStorageDetailId], [UserId], [Note], [OperationTime]) VALUES (77, 77, 1, NULL, NULL, CAST(N'2026-06-21T02:19:33.507' AS DateTime))\r\n","INSERT [dbo].[AssetHistory] ([Id], [FixedAssetId], [PlaceForStorageDetailId], [UserId], [Note], [OperationTime]) VALUES (78, 78, 1, NULL, NULL, CAST(N'2026-06-21T02:19:33.513' AS DateTime))\r\n","INSERT [dbo].[AssetHistory] ([Id], [FixedAssetId], [PlaceForStorageDetailId], [UserId], [Note], [OperationTime]) VALUES (79, 79, 1, NULL, NULL, CAST(N'2026-06-21T02:19:33.517' AS DateTime))\r\n","INSERT [dbo].[AssetHistory] ([Id], [FixedAssetId], [PlaceForStorageDetailId], [UserId], [Note], [OperationTime]) VALUES (80, 80, 1, NULL, NULL, CAST(N'2026-06-21T02:19:33.523' AS DateTime))\r\n","INSERT [dbo].[AssetHistory] ([Id], [FixedAssetId], [PlaceForStorageDetailId], [UserId], [Note], [OperationTime]) VALUES (81, 81, 1, NULL, NULL, CAST(N'2026-06-21T02:19:33.527' AS DateTime))\r\n","INSERT [dbo].[AssetHistory] ([Id], [FixedAssetId], [PlaceForStorageDetailId], [UserId], [Note], [OperationTime]) VALUES (82, 82, 1, NULL, NULL, CAST(N'2026-06-21T02:19:33.533' AS DateTime))\r\n","INSERT [dbo].[AssetHistory] ([Id], [FixedAssetId], [PlaceForStorageDetailId], [UserId], [Note], [OperationTime]) VALUES (83, 83, 1, NULL, NULL, CAST(N'2026-06-21T02:19:33.537' AS DateTime))\r\n","INSERT [dbo].[AssetHistory] ([Id], [FixedAssetId], [PlaceForStorageDetailId], [UserId], [Note], [OperationTime]) VALUES (84, 84, 1, NULL, NULL, CAST(N'2026-06-21T02:19:33.543' AS DateTime))\r\n","INSERT [dbo].[AssetHistory] ([Id], [FixedAssetId], [PlaceForStorageDetailId], [UserId], [Note], [OperationTime]) VALUES (85, 85, 1, NULL, NULL, CAST(N'2026-06-21T02:19:33.547' AS DateTime))\r\n","INSERT [dbo].[AssetHistory] ([Id], [FixedAssetId], [PlaceForStorageDetailId], [UserId], [Note], [OperationTime]) VALUES (86, 86, 1, NULL, NULL, CAST(N'2026-06-21T02:19:33.553' AS DateTime))\r\n","INSERT [dbo].[AssetHistory] ([Id], [FixedAssetId], [PlaceForStorageDetailId], [UserId], [Note], [OperationTime]) VALUES (87, 87, 1, NULL, NULL, CAST(N'2026-06-21T02:19:33.557' AS DateTime))\r\n","INSERT [dbo].[AssetHistory] ([Id], [FixedAssetId], [PlaceForStorageDetailId], [UserId], [Note], [OperationTime]) VALUES (88, 88, 1, NULL, NULL, CAST(N'2026-06-21T02:19:33.563' AS DateTime))\r\n","INSERT [dbo].[AssetHistory] ([Id], [FixedAssetId], [PlaceForStorageDetailId], [UserId], [Note], [OperationTime]) VALUES (89, 89, 1, NULL, NULL, CAST(N'2026-06-21T02:19:46.777' AS DateTime))\r\n","INSERT [dbo].[AssetHistory] ([Id], [FixedAssetId], [PlaceForStorageDetailId], [UserId], [Note], [OperationTime]) VALUES (90, 90, 1, NULL, NULL, CAST(N'2026-06-21T02:19:46.783' AS DateTime))\r\n","INSERT [dbo].[AssetHistory] ([Id], [FixedAssetId], [PlaceForStorageDetailId], [UserId], [Note], [OperationTime]) VALUES (91, 91, 1, NULL, NULL, CAST(N'2026-06-21T02:19:46.790' AS DateTime))\r\n","INSERT [dbo].[AssetHistory] ([Id], [FixedAssetId], [PlaceForStorageDetailId], [UserId], [Note], [OperationTime]) VALUES (92, 92, 1, NULL, NULL, CAST(N'2026-06-21T02:19:46.793' AS DateTime))\r\n","INSERT [dbo].[AssetHistory] ([Id], [FixedAssetId], [PlaceForStorageDetailId], [UserId], [Note], [OperationTime]) VALUES (93, 93, 1, NULL, NULL, CAST(N'2026-06-21T02:19:46.800' AS DateTime))\r\n","INSERT [dbo].[AssetHistory] ([Id], [FixedAssetId], [PlaceForStorageDetailId], [UserId], [Note], [OperationTime]) VALUES (94, 94, 1, NULL, NULL, CAST(N'2026-06-21T02:19:46.803' AS DateTime))\r\n","INSERT [dbo].[AssetHistory] ([Id], [FixedAssetId], [PlaceForStorageDetailId], [UserId], [Note], [OperationTime]) VALUES (95, 95, 1, NULL, NULL, CAST(N'2026-06-21T02:19:46.810' AS DateTime))\r\n","INSERT [dbo].[AssetHistory] ([Id], [FixedAssetId], [PlaceForStorageDetailId], [UserId], [Note], [OperationTime]) VALUES (96, 96, 1, NULL, NULL, CAST(N'2026-06-21T02:19:46.817' AS DateTime))\r\n","INSERT [dbo].[AssetHistory] ([Id], [FixedAssetId], [PlaceForStorageDetailId], [UserId], [Note], [OperationTime]) VALUES (97, 97, 1, NULL, NULL, CAST(N'2026-06-21T02:19:46.820' AS DateTime))\r\n","INSERT [dbo].[AssetHistory] ([Id], [FixedAssetId], [PlaceForStorageDetailId], [UserId], [Note], [OperationTime]) VALUES (98, 98, 1, NULL, NULL, CAST(N'2026-06-21T02:19:46.827' AS DateTime))\r\n","INSERT [dbo].[AssetHistory] ([Id], [FixedAssetId], [PlaceForStorageDetailId], [UserId], [Note], [OperationTime]) VALUES (99, 99, 1, NULL, NULL, CAST(N'2026-06-21T02:19:46.833' AS DateTime))\r\n","GO\r\n"],"metadata":{"urn":"Server[@Name='G2-PC-2']/Database[@Name='BaseWarehouseManagement']/Table[@Name='AssetHistory' and @Schema='dbo']","object_type":"Table"}},{"outputs":[],"execution_count":0,"cell_type":"code","source":["INSERT [dbo].[AssetHistory] ([Id], [FixedAssetId], [PlaceForStorageDetailId], [UserId], [Note], [OperationTime]) VALUES (100, 100, 1, NULL, NULL, CAST(N'2026-06-21T02:19:46.837' AS DateTime))\r\n","INSERT [dbo].[AssetHistory] ([Id], [FixedAssetId], [PlaceForStorageDetailId], [UserId], [Note], [OperationTime]) VALUES (101, 101, 1, NULL, NULL, CAST(N'2026-06-21T02:19:46.843' AS DateTime))\r\n","INSERT [dbo].[AssetHistory] ([Id], [FixedAssetId], [PlaceForStorageDetailId], [UserId], [Note], [OperationTime]) VALUES (102, 102, 1, NULL, NULL, CAST(N'2026-06-21T02:19:46.850' AS DateTime))\r\n","INSERT [dbo].[AssetHistory] ([Id], [FixedAssetId], [PlaceForStorageDetailId], [UserId], [Note], [OperationTime]) VALUES (103, 103, 1, NULL, NULL, CAST(N'2026-06-21T02:19:46.853' AS DateTime))\r\n","INSERT [dbo].[AssetHistory] ([Id], [FixedAssetId], [PlaceForStorageDetailId], [UserId], [Note], [OperationTime]) VALUES (104, 104, 1, NULL, NULL, CAST(N'2026-06-21T02:19:46.860' AS DateTime))\r\n","INSERT [dbo].[AssetHistory] ([Id], [FixedAssetId], [PlaceForStorageDetailId], [UserId], [Note], [OperationTime]) VALUES (105, 105, 1, NULL, NULL, CAST(N'2026-06-21T02:19:46.863' AS DateTime))\r\n","INSERT [dbo].[AssetHistory] ([Id], [FixedAssetId], [PlaceForStorageDetailId], [UserId], [Note], [OperationTime]) VALUES (106, 106, 1, NULL, NULL, CAST(N'2026-06-21T02:19:46.870' AS DateTime))\r\n","INSERT [dbo].[AssetHistory] ([Id], [FixedAssetId], [PlaceForStorageDetailId], [UserId], [Note], [OperationTime]) VALUES (107, 107, 1, NULL, NULL, CAST(N'2026-06-21T02:19:46.877' AS DateTime))\r\n","INSERT [dbo].[AssetHistory] ([Id], [FixedAssetId], [PlaceForStorageDetailId], [UserId], [Note], [OperationTime]) VALUES (108, 108, 1, NULL, NULL, CAST(N'2026-06-21T02:19:46.880' AS DateTime))\r\n","INSERT [dbo].[AssetHistory] ([Id], [FixedAssetId], [PlaceForStorageDetailId], [UserId], [Note], [OperationTime]) VALUES (109, 109, 1, NULL, NULL, CAST(N'2026-06-21T02:19:46.887' AS DateTime))\r\n","INSERT [dbo].[AssetHistory] ([Id], [FixedAssetId], [PlaceForStorageDetailId], [UserId], [Note], [OperationTime]) VALUES (110, 110, 1, NULL, NULL, CAST(N'2026-06-21T02:19:46.893' AS DateTime))\r\n","INSERT [dbo].[AssetHistory] ([Id], [FixedAssetId], [PlaceForStorageDetailId], [UserId], [Note], [OperationTime]) VALUES (111, 111, 1, NULL, NULL, CAST(N'2026-06-21T02:19:46.897' AS DateTime))\r\n","INSERT [dbo].[AssetHistory] ([Id], [FixedAssetId], [PlaceForStorageDetailId], [UserId], [Note], [OperationTime]) VALUES (112, 112, 1, NULL, NULL, CAST(N'2026-06-21T02:19:46.907' AS DateTime))\r\n","INSERT [dbo].[AssetHistory] ([Id], [FixedAssetId], [PlaceForStorageDetailId], [UserId], [Note], [OperationTime]) VALUES (113, 113, 1, NULL, NULL, CAST(N'2026-06-21T02:19:46.910' AS DateTime))\r\n","INSERT [dbo].[AssetHistory] ([Id], [FixedAssetId], [PlaceForStorageDetailId], [UserId], [Note], [OperationTime]) VALUES (114, 114, 1, NULL, NULL, CAST(N'2026-06-21T02:19:46.917' AS DateTime))\r\n","INSERT [dbo].[AssetHistory] ([Id], [FixedAssetId], [PlaceForStorageDetailId], [UserId], [Note], [OperationTime]) VALUES (116, 117, 1, NULL, NULL, CAST(N'2026-06-22T07:05:14.217' AS DateTime))\r\n","INSERT [dbo].[AssetHistory] ([Id], [FixedAssetId], [PlaceForStorageDetailId], [UserId], [Note], [OperationTime]) VALUES (117, 118, 1, NULL, NULL, CAST(N'2026-06-22T07:05:14.260' AS DateTime))\r\n","INSERT [dbo].[AssetHistory] ([Id], [FixedAssetId], [PlaceForStorageDetailId], [UserId], [Note], [OperationTime]) VALUES (118, 119, 1, NULL, NULL, CAST(N'2026-06-22T07:05:14.270' AS DateTime))\r\n","INSERT [dbo].[AssetHistory] ([Id], [FixedAssetId], [PlaceForStorageDetailId], [UserId], [Note], [OperationTime]) VALUES (119, 120, 1, NULL, NULL, CAST(N'2026-06-22T07:05:14.277' AS DateTime))\r\n","INSERT [dbo].[AssetHistory] ([Id], [FixedAssetId], [PlaceForStorageDetailId], [UserId], [Note], [OperationTime]) VALUES (120, 121, 1, NULL, NULL, CAST(N'2026-06-22T07:05:14.287' AS DateTime))\r\n","INSERT [dbo].[AssetHistory] ([Id], [FixedAssetId], [PlaceForStorageDetailId], [UserId], [Note], [OperationTime]) VALUES (121, 122, 1, NULL, NULL, CAST(N'2026-06-22T07:05:14.293' AS DateTime))\r\n","INSERT [dbo].[AssetHistory] ([Id], [FixedAssetId], [PlaceForStorageDetailId], [UserId], [Note], [OperationTime]) VALUES (122, 123, 1, NULL, NULL, CAST(N'2026-06-22T07:05:14.303' AS DateTime))\r\n","INSERT [dbo].[AssetHistory] ([Id], [FixedAssetId], [PlaceForStorageDetailId], [UserId], [Note], [OperationTime]) VALUES (123, 124, 1, NULL, NULL, CAST(N'2026-06-22T07:05:14.310' AS DateTime))\r\n","INSERT [dbo].[AssetHistory] ([Id], [FixedAssetId], [PlaceForStorageDetailId], [UserId], [Note], [OperationTime]) VALUES (124, 125, 1, NULL, NULL, CAST(N'2026-06-22T07:05:14.320' AS DateTime))\r\n","INSERT [dbo].[AssetHistory] ([Id], [FixedAssetId], [PlaceForStorageDetailId], [UserId], [Note], [OperationTime]) VALUES (125, 126, 1, NULL, NULL, CAST(N'2026-06-22T07:05:14.327' AS DateTime))\r\n","INSERT [dbo].[AssetHistory] ([Id], [FixedAssetId], [PlaceForStorageDetailId], [UserId], [Note], [OperationTime]) VALUES (126, 127, 1, NULL, NULL, CAST(N'2026-06-22T07:05:14.337' AS DateTime))\r\n","INSERT [dbo].[AssetHistory] ([Id], [FixedAssetId], [PlaceForStorageDetailId], [UserId], [Note], [OperationTime]) VALUES (127, 128, 1, NULL, NULL, CAST(N'2026-06-22T07:05:14.343' AS DateTime))\r\n","INSERT [dbo].[AssetHistory] ([Id], [FixedAssetId], [PlaceForStorageDetailId], [UserId], [Note], [OperationTime]) VALUES (128, 129, 1, NULL, NULL, CAST(N'2026-06-22T07:05:14.350' AS DateTime))\r\n","INSERT [dbo].[AssetHistory] ([Id], [FixedAssetId], [PlaceForStorageDetailId], [UserId], [Note], [OperationTime]) VALUES (129, 130, 2, 1, N'', CAST(N'2026-06-24T09:20:30.530' AS DateTime))\r\n","INSERT [dbo].[AssetHistory] ([Id], [FixedAssetId], [PlaceForStorageDetailId], [UserId], [Note], [OperationTime]) VALUES (130, 131, 2, 1, N'', CAST(N'2026-06-24T09:20:30.530' AS DateTime))\r\n","INSERT [dbo].[AssetHistory] ([Id], [FixedAssetId], [PlaceForStorageDetailId], [UserId], [Note], [OperationTime]) VALUES (131, 132, 2, 1, N'', CAST(N'2026-06-24T09:20:30.530' AS DateTime))\r\n","SET IDENTITY_INSERT [dbo].[AssetHistory] OFF\r\n","GO\r\n"],"metadata":{"urn":"Server[@Name='G2-PC-2']/Database[@Name='BaseWarehouseManagement']/Table[@Name='AssetHistory' and @Schema='dbo']","object_type":"Table"}},{"cell_type":"markdown","source":["# [dbo].[FixedAsset]"],"metadata":{"urn":"Server[@Name='G2-PC-2']/Database[@Name='BaseWarehouseManagement']/Table[@Name='FixedAsset' and @Schema='dbo']","object_type":"Table"}},{"outputs":[],"execution_count":0,"cell_type":"code","source":["SET IDENTITY_INSERT [dbo].[FixedAsset] ON \r\n","INSERT [dbo].[FixedAsset] ([Id], [Code], [ItemId], [IsDelete], [WarehouseRcordId]) VALUES (1, N'2026621000001', 1, 0, 1)\r\n","INSERT [dbo].[FixedAsset] ([Id], [Code], [ItemId], [IsDelete], [WarehouseRcordId]) VALUES (2, N'2026621000001', 1, 0, 1)\r\n","INSERT [dbo].[FixedAsset] ([Id], [Code], [ItemId], [IsDelete], [WarehouseRcordId]) VALUES (3, N'2026621000002', 1, 0, 1)\r\n","INSERT [dbo].[FixedAsset] ([Id], [Code], [ItemId], [IsDelete], [WarehouseRcordId]) VALUES (4, N'2026621000003', 1, 0, 1)\r\n","INSERT [dbo].[FixedAsset] ([Id], [Code], [ItemId], [IsDelete], [WarehouseRcordId]) VALUES (5, N'2026621000004', 1, 0, 1)\r\n","INSERT [dbo].[FixedAsset] ([Id], [Code], [ItemId], [IsDelete], [WarehouseRcordId]) VALUES (6, N'2026621000005', 1, 0, 1)\r\n","INSERT [dbo].[FixedAsset] ([Id], [Code], [ItemId], [IsDelete], [WarehouseRcordId]) VALUES (7, N'2026621000006', 1, 0, 1)\r\n","INSERT [dbo].[FixedAsset] ([Id], [Code], [ItemId], [IsDelete], [WarehouseRcordId]) VALUES (8, N'2026621000007', 1, 0, 1)\r\n","INSERT [dbo].[FixedAsset] ([Id], [Code], [ItemId], [IsDelete], [WarehouseRcordId]) VALUES (9, N'2026621000008', 1, 0, 1)\r\n","INSERT [dbo].[FixedAsset] ([Id], [Code], [ItemId], [IsDelete], [WarehouseRcordId]) VALUES (10, N'2026621000009', 1, 0, 1)\r\n","INSERT [dbo].[FixedAsset] ([Id], [Code], [ItemId], [IsDelete], [WarehouseRcordId]) VALUES (11, N'2026621000010', 1, 0, 1)\r\n","INSERT [dbo].[FixedAsset] ([Id], [Code], [ItemId], [IsDelete], [WarehouseRcordId]) VALUES (12, N'2026621000011', 1, 0, 1)\r\n","INSERT [dbo].[FixedAsset] ([Id], [Code], [ItemId], [IsDelete], [WarehouseRcordId]) VALUES (13, N'2026621000012', 1, 0, 1)\r\n","INSERT [dbo].[FixedAsset] ([Id], [Code], [ItemId], [IsDelete], [WarehouseRcordId]) VALUES (14, N'2026621000013', 1, 0, 1)\r\n","INSERT [dbo].[FixedAsset] ([Id], [Code], [ItemId], [IsDelete], [WarehouseRcordId]) VALUES (15, N'2026621000014', 1, 0, 1)\r\n","INSERT [dbo].[FixedAsset] ([Id], [Code], [ItemId], [IsDelete], [WarehouseRcordId]) VALUES (16, N'2026621000015', 1, 0, 1)\r\n","INSERT [dbo].[FixedAsset] ([Id], [Code], [ItemId], [IsDelete], [WarehouseRcordId]) VALUES (17, N'2026621000016', 1, 0, 1)\r\n","INSERT [dbo].[FixedAsset] ([Id], [Code], [ItemId], [IsDelete], [WarehouseRcordId]) VALUES (18, N'2026621000017', 1, 0, 1)\r\n","INSERT [dbo].[FixedAsset] ([Id], [Code], [ItemId], [IsDelete], [WarehouseRcordId]) VALUES (19, N'2026621000018', 1, 0, 1)\r\n","INSERT [dbo].[FixedAsset] ([Id], [Code], [ItemId], [IsDelete], [WarehouseRcordId]) VALUES (20, N'2026621000019', 1, 0, 1)\r\n","INSERT [dbo].[FixedAsset] ([Id], [Code], [ItemId], [IsDelete], [WarehouseRcordId]) VALUES (21, N'2026621000020', 1, 0, 1)\r\n","INSERT [dbo].[FixedAsset] ([Id], [Code], [ItemId], [IsDelete], [WarehouseRcordId]) VALUES (22, N'2026621000021', 2, 0, 2)\r\n","INSERT [dbo].[FixedAsset] ([Id], [Code], [ItemId], [IsDelete], [WarehouseRcordId]) VALUES (23, N'2026621000022', 2, 0, 2)\r\n","INSERT [dbo].[FixedAsset] ([Id], [Code], [ItemId], [IsDelete], [WarehouseRcordId]) VALUES (24, N'2026621000023', 2, 0, 2)\r\n","INSERT [dbo].[FixedAsset] ([Id], [Code], [ItemId], [IsDelete], [WarehouseRcordId]) VALUES (25, N'2026621000024', 2, 0, 2)\r\n","INSERT [dbo].[FixedAsset] ([Id], [Code], [ItemId], [IsDelete], [WarehouseRcordId]) VALUES (26, N'2026621000025', 2, 0, 2)\r\n","INSERT [dbo].[FixedAsset] ([Id], [Code], [ItemId], [IsDelete], [WarehouseRcordId]) VALUES (27, N'2026621000026', 2, 0, 2)\r\n","INSERT [dbo].[FixedAsset] ([Id], [Code], [ItemId], [IsDelete], [WarehouseRcordId]) VALUES (28, N'2026621000027', 2, 0, 2)\r\n","INSERT [dbo].[FixedAsset] ([Id], [Code], [ItemId], [IsDelete], [WarehouseRcordId]) VALUES (29, N'2026621000028', 2, 0, 2)\r\n","INSERT [dbo].[FixedAsset] ([Id], [Code], [ItemId], [IsDelete], [WarehouseRcordId]) VALUES (30, N'2026621000029', 2, 0, 2)\r\n","INSERT [dbo].[FixedAsset] ([Id], [Code], [ItemId], [IsDelete], [WarehouseRcordId]) VALUES (31, N'2026621000030', 2, 0, 2)\r\n","INSERT [dbo].[FixedAsset] ([Id], [Code], [ItemId], [IsDelete], [WarehouseRcordId]) VALUES (32, N'2026621000031', 2, 0, 2)\r\n","INSERT [dbo].[FixedAsset] ([Id], [Code], [ItemId], [IsDelete], [WarehouseRcordId]) VALUES (33, N'2026621000032', 2, 0, 2)\r\n","INSERT [dbo].[FixedAsset] ([Id], [Code], [ItemId], [IsDelete], [WarehouseRcordId]) VALUES (34, N'2026621000033', 2, 0, 2)\r\n","INSERT [dbo].[FixedAsset] ([Id], [Code], [ItemId], [IsDelete], [WarehouseRcordId]) VALUES (35, N'2026621000034', 2, 0, 2)\r\n","INSERT [dbo].[FixedAsset] ([Id], [Code], [ItemId], [IsDelete], [WarehouseRcordId]) VALUES (36, N'2026621000035', 2, 0, 2)\r\n","INSERT [dbo].[FixedAsset] ([Id], [Code], [ItemId], [IsDelete], [WarehouseRcordId]) VALUES (37, N'2026621000036', 2, 0, 2)\r\n","INSERT [dbo].[FixedAsset] ([Id], [Code], [ItemId], [IsDelete], [WarehouseRcordId]) VALUES (38, N'2026621000037', 2, 0, 2)\r\n","INSERT [dbo].[FixedAsset] ([Id], [Code], [ItemId], [IsDelete], [WarehouseRcordId]) VALUES (39, N'2026621000038', 2, 0, 2)\r\n","INSERT [dbo].[FixedAsset] ([Id], [Code], [ItemId], [IsDelete], [WarehouseRcordId]) VALUES (40, N'2026621000039', 2, 0, 2)\r\n","INSERT [dbo].[FixedAsset] ([Id], [Code], [ItemId], [IsDelete], [WarehouseRcordId]) VALUES (41, N'2026621000040', 2, 0, 2)\r\n","INSERT [dbo].[FixedAsset] ([Id], [Code], [ItemId], [IsDelete], [WarehouseRcordId]) VALUES (42, N'2026621000041', 2, 0, 2)\r\n","INSERT [dbo].[FixedAsset] ([Id], [Code], [ItemId], [IsDelete], [WarehouseRcordId]) VALUES (43, N'2026621000042', 2, 0, 2)\r\n","INSERT [dbo].[FixedAsset] ([Id], [Code], [ItemId], [IsDelete], [WarehouseRcordId]) VALUES (44, N'2026621000043', 2, 0, 2)\r\n","INSERT [dbo].[FixedAsset] ([Id], [Code], [ItemId], [IsDelete], [WarehouseRcordId]) VALUES (45, N'2026621000044', 2, 0, 2)\r\n","INSERT [dbo].[FixedAsset] ([Id], [Code], [ItemId], [IsDelete], [WarehouseRcordId]) VALUES (46, N'2026621000045', 2, 0, 2)\r\n","INSERT [dbo].[FixedAsset] ([Id], [Code], [ItemId], [IsDelete], [WarehouseRcordId]) VALUES (47, N'2026621000046', 2, 0, 2)\r\n","INSERT [dbo].[FixedAsset] ([Id], [Code], [ItemId], [IsDelete], [WarehouseRcordId]) VALUES (48, N'2026621000047', 2, 0, 2)\r\n","INSERT [dbo].[FixedAsset] ([Id], [Code], [ItemId], [IsDelete], [WarehouseRcordId]) VALUES (49, N'2026621000048', 2, 0, 2)\r\n","INSERT [dbo].[FixedAsset] ([Id], [Code], [ItemId], [IsDelete], [WarehouseRcordId]) VALUES (50, N'2026621000049', 2, 0, 2)\r\n","INSERT [dbo].[FixedAsset] ([Id], [Code], [ItemId], [IsDelete], [WarehouseRcordId]) VALUES (51, N'2026621000050', 2, 0, 2)\r\n","INSERT [dbo].[FixedAsset] ([Id], [Code], [ItemId], [IsDelete], [WarehouseRcordId]) VALUES (52, N'2026621000051', 2, 0, 2)\r\n","INSERT [dbo].[FixedAsset] ([Id], [Code], [ItemId], [IsDelete], [WarehouseRcordId]) VALUES (53, N'2026621000052', 2, 0, 2)\r\n","INSERT [dbo].[FixedAsset] ([Id], [Code], [ItemId], [IsDelete], [WarehouseRcordId]) VALUES (54, N'2026621000053', 2, 0, 2)\r\n","INSERT [dbo].[FixedAsset] ([Id], [Code], [ItemId], [IsDelete], [WarehouseRcordId]) VALUES (55, N'2026621000054', 2, 0, 2)\r\n","INSERT [dbo].[FixedAsset] ([Id], [Code], [ItemId], [IsDelete], [WarehouseRcordId]) VALUES (56, N'2026621000055', 2, 0, 2)\r\n","INSERT [dbo].[FixedAsset] ([Id], [Code], [ItemId], [IsDelete], [WarehouseRcordId]) VALUES (57, N'2026621000056', 2, 0, 2)\r\n","INSERT [dbo].[FixedAsset] ([Id], [Code], [ItemId], [IsDelete], [WarehouseRcordId]) VALUES (58, N'2026621000057', 2, 0, 2)\r\n","INSERT [dbo].[FixedAsset] ([Id], [Code], [ItemId], [IsDelete], [WarehouseRcordId]) VALUES (59, N'2026621000058', 2, 0, 2)\r\n","INSERT [dbo].[FixedAsset] ([Id], [Code], [ItemId], [IsDelete], [WarehouseRcordId]) VALUES (60, N'2026621000059', 2, 0, 2)\r\n","INSERT [dbo].[FixedAsset] ([Id], [Code], [ItemId], [IsDelete], [WarehouseRcordId]) VALUES (61, N'2026621000060', 2, 0, 2)\r\n","INSERT [dbo].[FixedAsset] ([Id], [Code], [ItemId], [IsDelete], [WarehouseRcordId]) VALUES (62, N'2026621000061', 2, 0, 2)\r\n","INSERT [dbo].[FixedAsset] ([Id], [Code], [ItemId], [IsDelete], [WarehouseRcordId]) VALUES (63, N'2026621000062', 5, 0, 5)\r\n","INSERT [dbo].[FixedAsset] ([Id], [Code], [ItemId], [IsDelete], [WarehouseRcordId]) VALUES (64, N'2026621000063', 5, 0, 5)\r\n","INSERT [dbo].[FixedAsset] ([Id], [Code], [ItemId], [IsDelete], [WarehouseRcordId]) VALUES (65, N'2026621000064', 5, 0, 5)\r\n","INSERT [dbo].[FixedAsset] ([Id], [Code], [ItemId], [IsDelete], [WarehouseRcordId]) VALUES (66, N'2026621000065', 5, 0, 5)\r\n","INSERT [dbo].[FixedAsset] ([Id], [Code], [ItemId], [IsDelete], [WarehouseRcordId]) VALUES (67, N'2026621000066', 5, 0, 5)\r\n","INSERT [dbo].[FixedAsset] ([Id], [Code], [ItemId], [IsDelete], [WarehouseRcordId]) VALUES (68, N'2026621000067', 5, 0, 5)\r\n","INSERT [dbo].[FixedAsset] ([Id], [Code], [ItemId], [IsDelete], [WarehouseRcordId]) VALUES (69, N'2026621000068', 5, 0, 5)\r\n","INSERT [dbo].[FixedAsset] ([Id], [Code], [ItemId], [IsDelete], [WarehouseRcordId]) VALUES (70, N'2026621000069', 5, 0, 5)\r\n","INSERT [dbo].[FixedAsset] ([Id], [Code], [ItemId], [IsDelete], [WarehouseRcordId]) VALUES (71, N'2026621000070', 5, 0, 5)\r\n","INSERT [dbo].[FixedAsset] ([Id], [Code], [ItemId], [IsDelete], [WarehouseRcordId]) VALUES (72, N'2026621000071', 5, 0, 5)\r\n","INSERT [dbo].[FixedAsset] ([Id], [Code], [ItemId], [IsDelete], [WarehouseRcordId]) VALUES (73, N'2026621000072', 5, 0, 5)\r\n","INSERT [dbo].[FixedAsset] ([Id], [Code], [ItemId], [IsDelete], [WarehouseRcordId]) VALUES (74, N'2026621000073', 5, 0, 5)\r\n","INSERT [dbo].[FixedAsset] ([Id], [Code], [ItemId], [IsDelete], [WarehouseRcordId]) VALUES (75, N'2026621000074', 5, 0, 5)\r\n","INSERT [dbo].[FixedAsset] ([Id], [Code], [ItemId], [IsDelete], [WarehouseRcordId]) VALUES (76, N'2026621000075', 5, 0, 5)\r\n","INSERT [dbo].[FixedAsset] ([Id], [Code], [ItemId], [IsDelete], [WarehouseRcordId]) VALUES (77, N'2026621000076', 5, 0, 5)\r\n","INSERT [dbo].[FixedAsset] ([Id], [Code], [ItemId], [IsDelete], [WarehouseRcordId]) VALUES (78, N'2026621000077', 5, 0, 5)\r\n","INSERT [dbo].[FixedAsset] ([Id], [Code], [ItemId], [IsDelete], [WarehouseRcordId]) VALUES (79, N'2026621000078', 5, 0, 5)\r\n","INSERT [dbo].[FixedAsset] ([Id], [Code], [ItemId], [IsDelete], [WarehouseRcordId]) VALUES (80, N'2026621000079', 5, 0, 5)\r\n","INSERT [dbo].[FixedAsset] ([Id], [Code], [ItemId], [IsDelete], [WarehouseRcordId]) VALUES (81, N'2026621000080', 5, 0, 5)\r\n","INSERT [dbo].[FixedAsset] ([Id], [Code], [ItemId], [IsDelete], [WarehouseRcordId]) VALUES (82, N'2026621000081', 5, 0, 5)\r\n","INSERT [dbo].[FixedAsset] ([Id], [Code], [ItemId], [IsDelete], [WarehouseRcordId]) VALUES (83, N'2026621000082', 5, 0, 5)\r\n","INSERT [dbo].[FixedAsset] ([Id], [Code], [ItemId], [IsDelete], [WarehouseRcordId]) VALUES (84, N'2026621000083', 5, 0, 5)\r\n","INSERT [dbo].[FixedAsset] ([Id], [Code], [ItemId], [IsDelete], [WarehouseRcordId]) VALUES (85, N'2026621000084', 5, 0, 5)\r\n","INSERT [dbo].[FixedAsset] ([Id], [Code], [ItemId], [IsDelete], [WarehouseRcordId]) VALUES (86, N'2026621000085', 5, 0, 5)\r\n","INSERT [dbo].[FixedAsset] ([Id], [Code], [ItemId], [IsDelete], [WarehouseRcordId]) VALUES (87, N'2026621000086', 5, 0, 5)\r\n","INSERT [dbo].[FixedAsset] ([Id], [Code], [ItemId], [IsDelete], [WarehouseRcordId]) VALUES (88, N'2026621000087', 5, 0, 5)\r\n","INSERT [dbo].[FixedAsset] ([Id], [Code], [ItemId], [IsDelete], [WarehouseRcordId]) VALUES (89, N'2026621000088', 6, 0, 6)\r\n","INSERT [dbo].[FixedAsset] ([Id], [Code], [ItemId], [IsDelete], [WarehouseRcordId]) VALUES (90, N'2026621000089', 6, 0, 6)\r\n","INSERT [dbo].[FixedAsset] ([Id], [Code], [ItemId], [IsDelete], [WarehouseRcordId]) VALUES (91, N'2026621000090', 6, 0, 6)\r\n","INSERT [dbo].[FixedAsset] ([Id], [Code], [ItemId], [IsDelete], [WarehouseRcordId]) VALUES (92, N'2026621000091', 6, 0, 6)\r\n","INSERT [dbo].[FixedAsset] ([Id], [Code], [ItemId], [IsDelete], [WarehouseRcordId]) VALUES (93, N'2026621000092', 6, 0, 6)\r\n","INSERT [dbo].[FixedAsset] ([Id], [Code], [ItemId], [IsDelete], [WarehouseRcordId]) VALUES (94, N'2026621000093', 6, 0, 6)\r\n","INSERT [dbo].[FixedAsset] ([Id], [Code], [ItemId], [IsDelete], [WarehouseRcordId]) VALUES (95, N'2026621000094', 6, 0, 6)\r\n","INSERT [dbo].[FixedAsset] ([Id], [Code], [ItemId], [IsDelete], [WarehouseRcordId]) VALUES (96, N'2026621000095', 6, 0, 6)\r\n","INSERT [dbo].[FixedAsset] ([Id], [Code], [ItemId], [IsDelete], [WarehouseRcordId]) VALUES (97, N'2026621000096', 6, 0, 6)\r\n","INSERT [dbo].[FixedAsset] ([Id], [Code], [ItemId], [IsDelete], [WarehouseRcordId]) VALUES (98, N'2026621000097', 6, 0, 6)\r\n","INSERT [dbo].[FixedAsset] ([Id], [Code], [ItemId], [IsDelete], [WarehouseRcordId]) VALUES (99, N'2026621000098', 6, 0, 6)\r\n","GO\r\n"],"metadata":{"urn":"Server[@Name='G2-PC-2']/Database[@Name='BaseWarehouseManagement']/Table[@Name='FixedAsset' and @Schema='dbo']","object_type":"Table"}},{"outputs":[],"execution_count":0,"cell_type":"code","source":["INSERT [dbo].[FixedAsset] ([Id], [Code], [ItemId], [IsDelete], [WarehouseRcordId]) VALUES (100, N'2026621000099', 6, 0, 6)\r\n","INSERT [dbo].[FixedAsset] ([Id], [Code], [ItemId], [IsDelete], [WarehouseRcordId]) VALUES (101, N'2026621000100', 6, 0, 6)\r\n","INSERT [dbo].[FixedAsset] ([Id], [Code], [ItemId], [IsDelete], [WarehouseRcordId]) VALUES (102, N'2026621000101', 6, 0, 6)\r\n","INSERT [dbo].[FixedAsset] ([Id], [Code], [ItemId], [IsDelete], [WarehouseRcordId]) VALUES (103, N'2026621000102', 6, 0, 6)\r\n","INSERT [dbo].[FixedAsset] ([Id], [Code], [ItemId], [IsDelete], [WarehouseRcordId]) VALUES (104, N'2026621000103', 6, 0, 6)\r\n","INSERT [dbo].[FixedAsset] ([Id], [Code], [ItemId], [IsDelete], [WarehouseRcordId]) VALUES (105, N'2026621000104', 6, 0, 6)\r\n","INSERT [dbo].[FixedAsset] ([Id], [Code], [ItemId], [IsDelete], [WarehouseRcordId]) VALUES (106, N'2026621000105', 6, 0, 6)\r\n","INSERT [dbo].[FixedAsset] ([Id], [Code], [ItemId], [IsDelete], [WarehouseRcordId]) VALUES (107, N'2026621000106', 6, 0, 6)\r\n","INSERT [dbo].[FixedAsset] ([Id], [Code], [ItemId], [IsDelete], [WarehouseRcordId]) VALUES (108, N'2026621000107', 6, 0, 6)\r\n","INSERT [dbo].[FixedAsset] ([Id], [Code], [ItemId], [IsDelete], [WarehouseRcordId]) VALUES (109, N'2026621000108', 6, 0, 6)\r\n","INSERT [dbo].[FixedAsset] ([Id], [Code], [ItemId], [IsDelete], [WarehouseRcordId]) VALUES (110, N'2026621000109', 6, 0, 6)\r\n","INSERT [dbo].[FixedAsset] ([Id], [Code], [ItemId], [IsDelete], [WarehouseRcordId]) VALUES (111, N'2026621000110', 6, 0, 6)\r\n","INSERT [dbo].[FixedAsset] ([Id], [Code], [ItemId], [IsDelete], [WarehouseRcordId]) VALUES (112, N'2026621000111', 6, 0, 6)\r\n","INSERT [dbo].[FixedAsset] ([Id], [Code], [ItemId], [IsDelete], [WarehouseRcordId]) VALUES (113, N'2026621000112', 6, 0, 6)\r\n","INSERT [dbo].[FixedAsset] ([Id], [Code], [ItemId], [IsDelete], [WarehouseRcordId]) VALUES (114, N'2026621000113', 6, 0, 6)\r\n","INSERT [dbo].[FixedAsset] ([Id], [Code], [ItemId], [IsDelete], [WarehouseRcordId]) VALUES (115, N'000114', 4, 0, NULL)\r\n","INSERT [dbo].[FixedAsset] ([Id], [Code], [ItemId], [IsDelete], [WarehouseRcordId]) VALUES (116, N'20260621000115', 7, 0, NULL)\r\n","INSERT [dbo].[FixedAsset] ([Id], [Code], [ItemId], [IsDelete], [WarehouseRcordId]) VALUES (117, N'2026622000116', 8, 0, 9)\r\n","INSERT [dbo].[FixedAsset] ([Id], [Code], [ItemId], [IsDelete], [WarehouseRcordId]) VALUES (118, N'2026622000117', 8, 0, 9)\r\n","INSERT [dbo].[FixedAsset] ([Id], [Code], [ItemId], [IsDelete], [WarehouseRcordId]) VALUES (119, N'2026622000118', 8, 0, 9)\r\n","INSERT [dbo].[FixedAsset] ([Id], [Code], [ItemId], [IsDelete], [WarehouseRcordId]) VALUES (120, N'2026622000119', 8, 0, 9)\r\n","INSERT [dbo].[FixedAsset] ([Id], [Code], [ItemId], [IsDelete], [WarehouseRcordId]) VALUES (121, N'2026622000120', 8, 0, 9)\r\n","INSERT [dbo].[FixedAsset] ([Id], [Code], [ItemId], [IsDelete], [WarehouseRcordId]) VALUES (122, N'2026622000121', 8, 0, 9)\r\n","INSERT [dbo].[FixedAsset] ([Id], [Code], [ItemId], [IsDelete], [WarehouseRcordId]) VALUES (123, N'2026622000122', 8, 0, 9)\r\n","INSERT [dbo].[FixedAsset] ([Id], [Code], [ItemId], [IsDelete], [WarehouseRcordId]) VALUES (124, N'2026622000123', 8, 0, 9)\r\n","INSERT [dbo].[FixedAsset] ([Id], [Code], [ItemId], [IsDelete], [WarehouseRcordId]) VALUES (125, N'2026622000124', 8, 0, 9)\r\n","INSERT [dbo].[FixedAsset] ([Id], [Code], [ItemId], [IsDelete], [WarehouseRcordId]) VALUES (126, N'2026622000125', 8, 0, 9)\r\n","INSERT [dbo].[FixedAsset] ([Id], [Code], [ItemId], [IsDelete], [WarehouseRcordId]) VALUES (127, N'2026622000126', 8, 0, 9)\r\n","INSERT [dbo].[FixedAsset] ([Id], [Code], [ItemId], [IsDelete], [WarehouseRcordId]) VALUES (128, N'2026622000127', 8, 0, 9)\r\n","INSERT [dbo].[FixedAsset] ([Id], [Code], [ItemId], [IsDelete], [WarehouseRcordId]) VALUES (129, N'2026622000128', 8, 0, 9)\r\n","INSERT [dbo].[FixedAsset] ([Id], [Code], [ItemId], [IsDelete], [WarehouseRcordId]) VALUES (130, N'000129', 1, 0, NULL)\r\n","INSERT [dbo].[FixedAsset] ([Id], [Code], [ItemId], [IsDelete], [WarehouseRcordId]) VALUES (131, N'000130', 1, 0, NULL)\r\n","INSERT [dbo].[FixedAsset] ([Id], [Code], [ItemId], [IsDelete], [WarehouseRcordId]) VALUES (132, N'000131', 1, 0, NULL)\r\n","SET IDENTITY_INSERT [dbo].[FixedAsset] OFF\r\n","GO\r\n"],"metadata":{"urn":"Server[@Name='G2-PC-2']/Database[@Name='BaseWarehouseManagement']/Table[@Name='FixedAsset' and @Schema='dbo']","object_type":"Table"}},{"cell_type":"markdown","source":["# [dbo].[HazardRecordDetail]"],"metadata":{"urn":"Server[@Name='G2-PC-2']/Database[@Name='BaseWarehouseManagement']/Table[@Name='HazardRecordDetail' and @Schema='dbo']","object_type":"Table"}},{"outputs":[],"execution_count":0,"cell_type":"code","source":["SET IDENTITY_INSERT [dbo].[HazardRecordDetail] ON \r\n","INSERT [dbo].[HazardRecordDetail] ([Id], [Hint]) VALUES (1, N'仓库库存数低于安全库存')\r\n","INSERT [dbo].[HazardRecordDetail] ([Id], [Hint]) VALUES (2, N'需要维护')\r\n","INSERT [dbo].[HazardRecordDetail] ([Id], [Hint]) VALUES (3, N'已过期')\r\n","SET IDENTITY_INSERT [dbo].[HazardRecordDetail] OFF\r\n","GO\r\n"],"metadata":{"urn":"Server[@Name='G2-PC-2']/Database[@Name='BaseWarehouseManagement']/Table[@Name='HazardRecordDetail' and @Schema='dbo']","object_type":"Table"}},{"cell_type":"markdown","source":["# [dbo].[HazardState]"],"metadata":{"urn":"Server[@Name='G2-PC-2']/Database[@Name='BaseWarehouseManagement']/Table[@Name='HazardState' and @Schema='dbo']","object_type":"Table"}},{"outputs":[],"execution_count":0,"cell_type":"code","source":["SET IDENTITY_INSERT [dbo].[HazardState] ON \r\n","INSERT [dbo].[HazardState] ([Id], [Name]) VALUES (1, N'未处理')\r\n","INSERT [dbo].[HazardState] ([Id], [Name]) VALUES (2, N'正在处理中')\r\n","INSERT [dbo].[HazardState] ([Id], [Name]) VALUES (3, N'已处理')\r\n","SET IDENTITY_INSERT [dbo].[HazardState] OFF\r\n","GO\r\n"],"metadata":{"urn":"Server[@Name='G2-PC-2']/Database[@Name='BaseWarehouseManagement']/Table[@Name='HazardState' and @Schema='dbo']","object_type":"Table"}},{"cell_type":"markdown","source":["# [dbo].[Item]"],"metadata":{"urn":"Server[@Name='G2-PC-2']/Database[@Name='BaseWarehouseManagement']/Table[@Name='Item' and @Schema='dbo']","object_type":"Table"}},{"outputs":[],"execution_count":0,"cell_type":"code","source":["SET IDENTITY_INSERT [dbo].[Item] ON \r\n","INSERT [dbo].[Item] ([Id], [Name], [ItemTypeId], [SafetyInventory], [Image], [IsDelete], [IsFixedAssets]) VALUES (1, N'选手机箱', 2, 15, NULL, 0, 1)\r\n","INSERT [dbo].[Item] ([Id], [Name], [ItemTypeId], [SafetyInventory], [Image], [IsDelete], [IsFixedAssets]) VALUES (2, N'比赛显示屏', 2, 20, NULL, 0, 1)\r\n","INSERT [dbo].[Item] ([Id], [Name], [ItemTypeId], [SafetyInventory], [Image], [IsDelete], [IsFixedAssets]) VALUES (3, N'鼠标', 2, 100, NULL, 0, 1)\r\n","INSERT [dbo].[Item] ([Id], [Name], [ItemTypeId], [SafetyInventory], [Image], [IsDelete], [IsFixedAssets]) VALUES (4, N'文件袋', 7, 200, NULL, 0, 1)\r\n","INSERT [dbo].[Item] ([Id], [Name], [ItemTypeId], [SafetyInventory], [Image], [IsDelete], [IsFixedAssets]) VALUES (5, N'选手键盘', 2, 50, NULL, 0, 1)\r\n","INSERT [dbo].[Item] ([Id], [Name], [ItemTypeId], [SafetyInventory], [Image], [IsDelete], [IsFixedAssets]) VALUES (6, N'选手键盘', 2, 50, NULL, 0, 1)\r\n","INSERT [dbo].[Item] ([Id], [Name], [ItemTypeId], [SafetyInventory], [Image], [IsDelete], [IsFixedAssets]) VALUES (7, N'测试物品', 2, 21, N'1.png', 0, 1)\r\n","INSERT [dbo].[Item] ([Id], [Name], [ItemTypeId], [SafetyInventory], [Image], [IsDelete], [IsFixedAssets]) VALUES (8, N'画框', 2, 12, NULL, 0, 1)\r\n","INSERT [dbo].[Item] ([Id], [Name], [ItemTypeId], [SafetyInventory], [Image], [IsDelete], [IsFixedAssets]) VALUES (9, N'111', 2, 21, N'ChatGPT Image 2026年6月10日 14_46_31.png', 0, 0)\r\n","SET IDENTITY_INSERT [dbo].[Item] OFF\r\n","GO\r\n"],"metadata":{"urn":"Server[@Name='G2-PC-2']/Database[@Name='BaseWarehouseManagement']/Table[@Name='Item' and @Schema='dbo']","object_type":"Table"}},{"cell_type":"markdown","source":["# [dbo].[ItemType]"],"metadata":{"urn":"Server[@Name='G2-PC-2']/Database[@Name='BaseWarehouseManagement']/Table[@Name='ItemType' and @Schema='dbo']","object_type":"Table"}},{"outputs":[],"execution_count":0,"cell_type":"code","source":["SET IDENTITY_INSERT [dbo].[ItemType] ON \r\n","INSERT [dbo].[ItemType] ([Id], [Name]) VALUES (2, N'电子类')\r\n","INSERT [dbo].[ItemType] ([Id], [Name]) VALUES (3, N'工艺品类')\r\n","INSERT [dbo].[ItemType] ([Id], [Name]) VALUES (5, N'工具类')\r\n","INSERT [dbo].[ItemType] ([Id], [Name]) VALUES (6, N'生活类')\r\n","INSERT [dbo].[ItemType] ([Id], [Name]) VALUES (7, N'资料类')\r\n","INSERT [dbo].[ItemType] ([Id], [Name]) VALUES (10, N'书本类')\r\n","SET IDENTITY_INSERT [dbo].[ItemType] OFF\r\n","GO\r\n"],"metadata":{"urn":"Server[@Name='G2-PC-2']/Database[@Name='BaseWarehouseManagement']/Table[@Name='ItemType' and @Schema='dbo']","object_type":"Table"}},{"cell_type":"markdown","source":["# [dbo].[PlaceForStorage]"],"metadata":{"urn":"Server[@Name='G2-PC-2']/Database[@Name='BaseWarehouseManagement']/Table[@Name='PlaceForStorage' and @Schema='dbo']","object_type":"Table"}},{"outputs":[],"execution_count":0,"cell_type":"code","source":["SET IDENTITY_INSERT [dbo].[PlaceForStorage] ON \r\n","INSERT [dbo].[PlaceForStorage] ([Id], [Name], [Image]) VALUES (1, N'A货架区', N'A.png')\r\n","INSERT [dbo].[PlaceForStorage] ([Id], [Name], [Image]) VALUES (2, N'B货架区', N'B.png')\r\n","INSERT [dbo].[PlaceForStorage] ([Id], [Name], [Image]) VALUES (3, N'C货架区', N'C.png')\r\n","SET IDENTITY_INSERT [dbo].[PlaceForStorage] OFF\r\n","GO\r\n"],"metadata":{"urn":"Server[@Name='G2-PC-2']/Database[@Name='BaseWarehouseManagement']/Table[@Name='PlaceForStorage' and @Schema='dbo']","object_type":"Table"}},{"cell_type":"markdown","source":["# [dbo].[PlaceForStorageDetail]"],"metadata":{"urn":"Server[@Name='G2-PC-2']/Database[@Name='BaseWarehouseManagement']/Table[@Name='PlaceForStorageDetail' and @Schema='dbo']","object_type":"Table"}},{"outputs":[],"execution_count":0,"cell_type":"code","source":["SET IDENTITY_INSERT [dbo].[PlaceForStorageDetail] ON \r\n","INSERT [dbo].[PlaceForStorageDetail] ([Id], [Name], [StateId], [PlaceForStorageId]) VALUES (1, N'第一层', 2, 1)\r\n","INSERT [dbo].[PlaceForStorageDetail] ([Id], [Name], [StateId], [PlaceForStorageId]) VALUES (2, N'第三层', 1, 2)\r\n","INSERT [dbo].[PlaceForStorageDetail] ([Id], [Name], [StateId], [PlaceForStorageId]) VALUES (3, N'第三层', 1, 3)\r\n","SET IDENTITY_INSERT [dbo].[PlaceForStorageDetail] OFF\r\n","GO\r\n"],"metadata":{"urn":"Server[@Name='G2-PC-2']/Database[@Name='BaseWarehouseManagement']/Table[@Name='PlaceForStorageDetail' and @Schema='dbo']","object_type":"Table"}},{"cell_type":"markdown","source":["# [dbo].[PlaceForStorageDetailState]"],"metadata":{"urn":"Server[@Name='G2-PC-2']/Database[@Name='BaseWarehouseManagement']/Table[@Name='PlaceForStorageDetailState' and @Schema='dbo']","object_type":"Table"}},{"outputs":[],"execution_count":0,"cell_type":"code","source":["SET IDENTITY_INSERT [dbo].[PlaceForStorageDetailState] ON \r\n","INSERT [dbo].[PlaceForStorageDetailState] ([Id], [Name]) VALUES (1, N'已满')\r\n","INSERT [dbo].[PlaceForStorageDetailState] ([Id], [Name]) VALUES (2, N'为空')\r\n","SET IDENTITY_INSERT [dbo].[PlaceForStorageDetailState] OFF\r\n","GO\r\n"],"metadata":{"urn":"Server[@Name='G2-PC-2']/Database[@Name='BaseWarehouseManagement']/Table[@Name='PlaceForStorageDetailState' and @Schema='dbo']","object_type":"Table"}},{"cell_type":"markdown","source":["# [dbo].[RecordType]"],"metadata":{"urn":"Server[@Name='G2-PC-2']/Database[@Name='BaseWarehouseManagement']/Table[@Name='RecordType' and @Schema='dbo']","object_type":"Table"}},{"outputs":[],"execution_count":0,"cell_type":"code","source":["SET IDENTITY_INSERT [dbo].[RecordType] ON \r\n","INSERT [dbo].[RecordType] ([Id], [Name]) VALUES (1, N'出库')\r\n","INSERT [dbo].[RecordType] ([Id], [Name]) VALUES (2, N'入库')\r\n","SET IDENTITY_INSERT [dbo].[RecordType] OFF\r\n","GO\r\n"],"metadata":{"urn":"Server[@Name='G2-PC-2']/Database[@Name='BaseWarehouseManagement']/Table[@Name='RecordType' and @Schema='dbo']","object_type":"Table"}},{"cell_type":"markdown","source":["# [dbo].[ReocordState]"],"metadata":{"urn":"Server[@Name='G2-PC-2']/Database[@Name='BaseWarehouseManagement']/Table[@Name='ReocordState' and @Schema='dbo']","object_type":"Table"}},{"outputs":[],"execution_count":0,"cell_type":"code","source":["SET IDENTITY_INSERT [dbo].[ReocordState] ON \r\n","INSERT [dbo].[ReocordState] ([Id], [Name]) VALUES (1, N'未完成')\r\n","INSERT [dbo].[ReocordState] ([Id], [Name]) VALUES (2, N'已完成')\r\n","INSERT [dbo].[ReocordState] ([Id], [Name]) VALUES (3, N'已删除')\r\n","INSERT [dbo].[ReocordState] ([Id], [Name]) VALUES (4, N'待审核')\r\n","INSERT [dbo].[ReocordState] ([Id], [Name]) VALUES (5, N'已取消')\r\n","SET IDENTITY_INSERT [dbo].[ReocordState] OFF\r\n","GO\r\n"],"metadata":{"urn":"Server[@Name='G2-PC-2']/Database[@Name='BaseWarehouseManagement']/Table[@Name='ReocordState' and @Schema='dbo']","object_type":"Table"}},{"cell_type":"markdown","source":["# [dbo].[Role]"],"metadata":{"urn":"Server[@Name='G2-PC-2']/Database[@Name='BaseWarehouseManagement']/Table[@Name='Role' and @Schema='dbo']","object_type":"Table"}},{"outputs":[],"execution_count":0,"cell_type":"code","source":["SET IDENTITY_INSERT [dbo].[Role] ON \r\n","INSERT [dbo].[Role] ([Id], [Name]) VALUES (1, N'管理员')\r\n","INSERT [dbo].[Role] ([Id], [Name]) VALUES (2, N'普通用户')\r\n","SET IDENTITY_INSERT [dbo].[Role] OFF\r\n","GO\r\n"],"metadata":{"urn":"Server[@Name='G2-PC-2']/Database[@Name='BaseWarehouseManagement']/Table[@Name='Role' and @Schema='dbo']","object_type":"Table"}},{"cell_type":"markdown","source":["# [dbo].[User]"],"metadata":{"urn":"Server[@Name='G2-PC-2']/Database[@Name='BaseWarehouseManagement']/Table[@Name='User' and @Schema='dbo']","object_type":"Table"}},{"outputs":[],"execution_count":0,"cell_type":"code","source":["SET IDENTITY_INSERT [dbo].[User] ON \r\n","INSERT [dbo].[User] ([Id], [Name], [Password], [RoleId]) VALUES (1, N'测试用户1', N'123123123', 2)\r\n","INSERT [dbo].[User] ([Id], [Name], [Password], [RoleId]) VALUES (2, N'测试用户2', N'123456', 2)\r\n","INSERT [dbo].[User] ([Id], [Name], [Password], [RoleId]) VALUES (4, N'测试用户3', N'111111', 1)\r\n","INSERT [dbo].[User] ([Id], [Name], [Password], [RoleId]) VALUES (5, N'批量添加', N'1111', 1)\r\n","SET IDENTITY_INSERT [dbo].[User] OFF\r\n","GO\r\n"],"metadata":{"urn":"Server[@Name='G2-PC-2']/Database[@Name='BaseWarehouseManagement']/Table[@Name='User' and @Schema='dbo']","object_type":"Table"}},{"cell_type":"markdown","source":["# [dbo].[WarehouseRecords]"],"metadata":{"urn":"Server[@Name='G2-PC-2']/Database[@Name='BaseWarehouseManagement']/Table[@Name='WarehouseRecords' and @Schema='dbo']","object_type":"Table"}},{"outputs":[],"execution_count":0,"cell_type":"code","source":["SET IDENTITY_INSERT [dbo].[WarehouseRecords] ON \r\n","INSERT [dbo].[WarehouseRecords] ([Id], [RecordTypeId], [ItemId], [ItemCount], [Note], [CreateTime], [EndTime], [FinishedTime], [RecordStateId], [UserId], [PlaceForStorageDetailId], [IsDelete], [Batch]) VALUES (1, 2, 1, 20, N'', CAST(N'2026-06-21T11:18:19.420' AS DateTime), CAST(N'2026-06-21T11:18:11.477' AS DateTime), NULL, 4, 5, 1, 0, 1)\r\n","INSERT [dbo].[WarehouseRecords] ([Id], [RecordTypeId], [ItemId], [ItemCount], [Note], [CreateTime], [EndTime], [FinishedTime], [RecordStateId], [UserId], [PlaceForStorageDetailId], [IsDelete], [Batch]) VALUES (2, 2, 2, 40, NULL, CAST(N'2026-06-21T10:05:37.743' AS DateTime), CAST(N'2026-06-21T10:05:37.743' AS DateTime), CAST(N'2026-06-21T10:05:37.743' AS DateTime), 2, 5, 1, 0, 1)\r\n","INSERT [dbo].[WarehouseRecords] ([Id], [RecordTypeId], [ItemId], [ItemCount], [Note], [CreateTime], [EndTime], [FinishedTime], [RecordStateId], [UserId], [PlaceForStorageDetailId], [IsDelete], [Batch]) VALUES (3, 2, 3, 120, NULL, CAST(N'2026-06-21T10:05:37.907' AS DateTime), CAST(N'2026-06-21T10:05:37.907' AS DateTime), CAST(N'2026-06-21T10:05:37.907' AS DateTime), 2, 5, 1, 0, 1)\r\n","INSERT [dbo].[WarehouseRecords] ([Id], [RecordTypeId], [ItemId], [ItemCount], [Note], [CreateTime], [EndTime], [FinishedTime], [RecordStateId], [UserId], [PlaceForStorageDetailId], [IsDelete], [Batch]) VALUES (4, 2, 4, 1000, NULL, CAST(N'2026-06-21T10:05:37.910' AS DateTime), CAST(N'2026-06-21T10:05:37.910' AS DateTime), CAST(N'2026-06-21T10:05:37.910' AS DateTime), 2, 5, 1, 1, 1)\r\n","INSERT [dbo].[WarehouseRecords] ([Id], [RecordTypeId], [ItemId], [ItemCount], [Note], [CreateTime], [EndTime], [FinishedTime], [RecordStateId], [UserId], [PlaceForStorageDetailId], [IsDelete], [Batch]) VALUES (5, 2, 5, 25, NULL, CAST(N'2026-06-21T10:19:33.277' AS DateTime), CAST(N'2026-06-21T10:19:33.277' AS DateTime), CAST(N'2026-06-21T10:19:33.277' AS DateTime), 2, 5, 1, 0, 1)\r\n","INSERT [dbo].[WarehouseRecords] ([Id], [RecordTypeId], [ItemId], [ItemCount], [Note], [CreateTime], [EndTime], [FinishedTime], [RecordStateId], [UserId], [PlaceForStorageDetailId], [IsDelete], [Batch]) VALUES (6, 2, 6, 25, NULL, CAST(N'2026-06-21T10:19:46.763' AS DateTime), CAST(N'2026-06-21T10:19:46.763' AS DateTime), CAST(N'2026-06-21T10:19:46.763' AS DateTime), 2, 5, 1, 0, 1)\r\n","INSERT [dbo].[WarehouseRecords] ([Id], [RecordTypeId], [ItemId], [ItemCount], [Note], [CreateTime], [EndTime], [FinishedTime], [RecordStateId], [UserId], [PlaceForStorageDetailId], [IsDelete], [Batch]) VALUES (7, 1, 4, 32, N'', CAST(N'2026-06-21T10:26:11.123' AS DateTime), CAST(N'2026-06-21T10:25:32.253' AS DateTime), NULL, 1, NULL, 1, 1, NULL)\r\n","INSERT [dbo].[WarehouseRecords] ([Id], [RecordTypeId], [ItemId], [ItemCount], [Note], [CreateTime], [EndTime], [FinishedTime], [RecordStateId], [UserId], [PlaceForStorageDetailId], [IsDelete], [Batch]) VALUES (9, 2, 8, 12, NULL, CAST(N'2026-06-22T15:05:14.063' AS DateTime), CAST(N'2026-06-22T15:05:14.063' AS DateTime), CAST(N'2026-06-22T15:05:14.067' AS DateTime), 2, 5, 1, 0, 1)\r\n","INSERT [dbo].[WarehouseRecords] ([Id], [RecordTypeId], [ItemId], [ItemCount], [Note], [CreateTime], [EndTime], [FinishedTime], [RecordStateId], [UserId], [PlaceForStorageDetailId], [IsDelete], [Batch]) VALUES (10, 2, 1, 3, N'', CAST(N'2026-06-24T09:20:30.530' AS DateTime), CAST(N'2026-06-24T09:17:10.320' AS DateTime), NULL, 1, 1, 2, 0, NULL)\r\n","SET IDENTITY_INSERT [dbo].[WarehouseRecords] OFF\r\n","GO\r\n"],"metadata":{"urn":"Server[@Name='G2-PC-2']/Database[@Name='BaseWarehouseManagement']/Table[@Name='WarehouseRecords' and @Schema='dbo']","object_type":"Table"}},{"cell_type":"markdown","source":["# [FK_AssetHistory_FixedAsset]"],"metadata":{"urn":"Server[@Name='G2-PC-2']/Database[@Name='BaseWarehouseManagement']/Table[@Name='AssetHistory' and @Schema='dbo']/ForeignKey[@Name='FK_AssetHistory_FixedAsset']","object_type":"ForeignKey"}},{"outputs":[],"execution_count":0,"cell_type":"code","source":["ALTER TABLE [dbo].[AssetHistory]  WITH CHECK ADD  CONSTRAINT [FK_AssetHistory_FixedAsset] FOREIGN KEY([FixedAssetId])\r\nREFERENCES [dbo].[FixedAsset] ([Id])\r\n","GO\r\n","ALTER TABLE [dbo].[AssetHistory] CHECK CONSTRAINT [FK_AssetHistory_FixedAsset]\r\n","GO\r\n"],"metadata":{"urn":"Server[@Name='G2-PC-2']/Database[@Name='BaseWarehouseManagement']/Table[@Name='AssetHistory' and @Schema='dbo']/ForeignKey[@Name='FK_AssetHistory_FixedAsset']","object_type":"ForeignKey"}},{"cell_type":"markdown","source":["# [FK_AssetHistory_PlaceForStorageDetail]"],"metadata":{"urn":"Server[@Name='G2-PC-2']/Database[@Name='BaseWarehouseManagement']/Table[@Name='AssetHistory' and @Schema='dbo']/ForeignKey[@Name='FK_AssetHistory_PlaceForStorageDetail']","object_type":"ForeignKey"}},{"outputs":[],"execution_count":0,"cell_type":"code","source":["ALTER TABLE [dbo].[AssetHistory]  WITH CHECK ADD  CONSTRAINT [FK_AssetHistory_PlaceForStorageDetail] FOREIGN KEY([PlaceForStorageDetailId])\r\nREFERENCES [dbo].[PlaceForStorageDetail] ([Id])\r\n","GO\r\n","ALTER TABLE [dbo].[AssetHistory] CHECK CONSTRAINT [FK_AssetHistory_PlaceForStorageDetail]\r\n","GO\r\n"],"metadata":{"urn":"Server[@Name='G2-PC-2']/Database[@Name='BaseWarehouseManagement']/Table[@Name='AssetHistory' and @Schema='dbo']/ForeignKey[@Name='FK_AssetHistory_PlaceForStorageDetail']","object_type":"ForeignKey"}},{"cell_type":"markdown","source":["# [FK_AssetHistory_User]"],"metadata":{"urn":"Server[@Name='G2-PC-2']/Database[@Name='BaseWarehouseManagement']/Table[@Name='AssetHistory' and @Schema='dbo']/ForeignKey[@Name='FK_AssetHistory_User']","object_type":"ForeignKey"}},{"outputs":[],"execution_count":0,"cell_type":"code","source":["ALTER TABLE [dbo].[AssetHistory]  WITH CHECK ADD  CONSTRAINT [FK_AssetHistory_User] FOREIGN KEY([UserId])\r\nREFERENCES [dbo].[User] ([Id])\r\n","GO\r\n","ALTER TABLE [dbo].[AssetHistory] CHECK CONSTRAINT [FK_AssetHistory_User]\r\n","GO\r\n"],"metadata":{"urn":"Server[@Name='G2-PC-2']/Database[@Name='BaseWarehouseManagement']/Table[@Name='AssetHistory' and @Schema='dbo']/ForeignKey[@Name='FK_AssetHistory_User']","object_type":"ForeignKey"}},{"cell_type":"markdown","source":["# [FK_FixedAsset_Item]"],"metadata":{"urn":"Server[@Name='G2-PC-2']/Database[@Name='BaseWarehouseManagement']/Table[@Name='FixedAsset' and @Schema='dbo']/ForeignKey[@Name='FK_FixedAsset_Item']","object_type":"ForeignKey"}},{"outputs":[],"execution_count":0,"cell_type":"code","source":["ALTER TABLE [dbo].[FixedAsset]  WITH CHECK ADD  CONSTRAINT [FK_FixedAsset_Item] FOREIGN KEY([ItemId])\r\nREFERENCES [dbo].[Item] ([Id])\r\n","GO\r\n","ALTER TABLE [dbo].[FixedAsset] CHECK CONSTRAINT [FK_FixedAsset_Item]\r\n","GO\r\n"],"metadata":{"urn":"Server[@Name='G2-PC-2']/Database[@Name='BaseWarehouseManagement']/Table[@Name='FixedAsset' and @Schema='dbo']/ForeignKey[@Name='FK_FixedAsset_Item']","object_type":"ForeignKey"}},{"cell_type":"markdown","source":["# [FK_FixedAsset_WarehouseRecords]"],"metadata":{"urn":"Server[@Name='G2-PC-2']/Database[@Name='BaseWarehouseManagement']/Table[@Name='FixedAsset' and @Schema='dbo']/ForeignKey[@Name='FK_FixedAsset_WarehouseRecords']","object_type":"ForeignKey"}},{"outputs":[],"execution_count":0,"cell_type":"code","source":["ALTER TABLE [dbo].[FixedAsset]  WITH CHECK ADD  CONSTRAINT [FK_FixedAsset_WarehouseRecords] FOREIGN KEY([WarehouseRcordId])\r\nREFERENCES [dbo].[WarehouseRecords] ([Id])\r\n","GO\r\n","ALTER TABLE [dbo].[FixedAsset] CHECK CONSTRAINT [FK_FixedAsset_WarehouseRecords]\r\n","GO\r\n"],"metadata":{"urn":"Server[@Name='G2-PC-2']/Database[@Name='BaseWarehouseManagement']/Table[@Name='FixedAsset' and @Schema='dbo']/ForeignKey[@Name='FK_FixedAsset_WarehouseRecords']","object_type":"ForeignKey"}},{"cell_type":"markdown","source":["# [FK_Item_ItemType]"],"metadata":{"urn":"Server[@Name='G2-PC-2']/Database[@Name='BaseWarehouseManagement']/Table[@Name='Item' and @Schema='dbo']/ForeignKey[@Name='FK_Item_ItemType']","object_type":"ForeignKey"}},{"outputs":[],"execution_count":0,"cell_type":"code","source":["ALTER TABLE [dbo].[Item]  WITH CHECK ADD  CONSTRAINT [FK_Item_ItemType] FOREIGN KEY([ItemTypeId])\r\nREFERENCES [dbo].[ItemType] ([Id])\r\n","GO\r\n","ALTER TABLE [dbo].[Item] CHECK CONSTRAINT [FK_Item_ItemType]\r\n","GO\r\n"],"metadata":{"urn":"Server[@Name='G2-PC-2']/Database[@Name='BaseWarehouseManagement']/Table[@Name='Item' and @Schema='dbo']/ForeignKey[@Name='FK_Item_ItemType']","object_type":"ForeignKey"}},{"cell_type":"markdown","source":["# [FK_ItemAndState_HazardState]"],"metadata":{"urn":"Server[@Name='G2-PC-2']/Database[@Name='BaseWarehouseManagement']/Table[@Name='ItemAndState' and @Schema='dbo']/ForeignKey[@Name='FK_ItemAndState_HazardState']","object_type":"ForeignKey"}},{"outputs":[],"execution_count":0,"cell_type":"code","source":["ALTER TABLE [dbo].[ItemAndState]  WITH CHECK ADD  CONSTRAINT [FK_ItemAndState_HazardState] FOREIGN KEY([HazardStateId])\r\nREFERENCES [dbo].[HazardState] ([Id])\r\n","GO\r\n","ALTER TABLE [dbo].[ItemAndState] CHECK CONSTRAINT [FK_ItemAndState_HazardState]\r\n","GO\r\n"],"metadata":{"urn":"Server[@Name='G2-PC-2']/Database[@Name='BaseWarehouseManagement']/Table[@Name='ItemAndState' and @Schema='dbo']/ForeignKey[@Name='FK_ItemAndState_HazardState']","object_type":"ForeignKey"}},{"cell_type":"markdown","source":["# [FK_ItemAndState_Item]"],"metadata":{"urn":"Server[@Name='G2-PC-2']/Database[@Name='BaseWarehouseManagement']/Table[@Name='ItemAndState' and @Schema='dbo']/ForeignKey[@Name='FK_ItemAndState_Item']","object_type":"ForeignKey"}},{"outputs":[],"execution_count":0,"cell_type":"code","source":["ALTER TABLE [dbo].[ItemAndState]  WITH CHECK ADD  CONSTRAINT [FK_ItemAndState_Item] FOREIGN KEY([ItemId])\r\nREFERENCES [dbo].[Item] ([Id])\r\n","GO\r\n","ALTER TABLE [dbo].[ItemAndState] CHECK CONSTRAINT [FK_ItemAndState_Item]\r\n","GO\r\n"],"metadata":{"urn":"Server[@Name='G2-PC-2']/Database[@Name='BaseWarehouseManagement']/Table[@Name='ItemAndState' and @Schema='dbo']/ForeignKey[@Name='FK_ItemAndState_Item']","object_type":"ForeignKey"}},{"cell_type":"markdown","source":["# [FK_ItemAndState_ItemState]"],"metadata":{"urn":"Server[@Name='G2-PC-2']/Database[@Name='BaseWarehouseManagement']/Table[@Name='ItemAndState' and @Schema='dbo']/ForeignKey[@Name='FK_ItemAndState_ItemState']","object_type":"ForeignKey"}},{"outputs":[],"execution_count":0,"cell_type":"code","source":["ALTER TABLE [dbo].[ItemAndState]  WITH CHECK ADD  CONSTRAINT [FK_ItemAndState_ItemState] FOREIGN KEY([HazardRecordDetailId])\r\nREFERENCES [dbo].[HazardRecordDetail] ([Id])\r\n","GO\r\n","ALTER TABLE [dbo].[ItemAndState] CHECK CONSTRAINT [FK_ItemAndState_ItemState]\r\n","GO\r\n"],"metadata":{"urn":"Server[@Name='G2-PC-2']/Database[@Name='BaseWarehouseManagement']/Table[@Name='ItemAndState' and @Schema='dbo']/ForeignKey[@Name='FK_ItemAndState_ItemState']","object_type":"ForeignKey"}},{"cell_type":"markdown","source":["# [FK_PlaceForStorageDetail_PlaceForStorage]"],"metadata":{"urn":"Server[@Name='G2-PC-2']/Database[@Name='BaseWarehouseManagement']/Table[@Name='PlaceForStorageDetail' and @Schema='dbo']/ForeignKey[@Name='FK_PlaceForStorageDetail_PlaceForStorage']","object_type":"ForeignKey"}},{"outputs":[],"execution_count":0,"cell_type":"code","source":["ALTER TABLE [dbo].[PlaceForStorageDetail]  WITH CHECK ADD  CONSTRAINT [FK_PlaceForStorageDetail_PlaceForStorage] FOREIGN KEY([PlaceForStorageId])\r\nREFERENCES [dbo].[PlaceForStorage] ([Id])\r\n","GO\r\n","ALTER TABLE [dbo].[PlaceForStorageDetail] CHECK CONSTRAINT [FK_PlaceForStorageDetail_PlaceForStorage]\r\n","GO\r\n"],"metadata":{"urn":"Server[@Name='G2-PC-2']/Database[@Name='BaseWarehouseManagement']/Table[@Name='PlaceForStorageDetail' and @Schema='dbo']/ForeignKey[@Name='FK_PlaceForStorageDetail_PlaceForStorage']","object_type":"ForeignKey"}},{"cell_type":"markdown","source":["# [FK_PlaceForStorageDetail_PlaceForStorageDetailState]"],"metadata":{"urn":"Server[@Name='G2-PC-2']/Database[@Name='BaseWarehouseManagement']/Table[@Name='PlaceForStorageDetail' and @Schema='dbo']/ForeignKey[@Name='FK_PlaceForStorageDetail_PlaceForStorageDetailState']","object_type":"ForeignKey"}},{"outputs":[],"execution_count":0,"cell_type":"code","source":["ALTER TABLE [dbo].[PlaceForStorageDetail]  WITH CHECK ADD  CONSTRAINT [FK_PlaceForStorageDetail_PlaceForStorageDetailState] FOREIGN KEY([StateId])\r\nREFERENCES [dbo].[PlaceForStorageDetailState] ([Id])\r\n","GO\r\n","ALTER TABLE [dbo].[PlaceForStorageDetail] CHECK CONSTRAINT [FK_PlaceForStorageDetail_PlaceForStorageDetailState]\r\n","GO\r\n"],"metadata":{"urn":"Server[@Name='G2-PC-2']/Database[@Name='BaseWarehouseManagement']/Table[@Name='PlaceForStorageDetail' and @Schema='dbo']/ForeignKey[@Name='FK_PlaceForStorageDetail_PlaceForStorageDetailState']","object_type":"ForeignKey"}},{"cell_type":"markdown","source":["# [FK_User_Role]"],"metadata":{"urn":"Server[@Name='G2-PC-2']/Database[@Name='BaseWarehouseManagement']/Table[@Name='User' and @Schema='dbo']/ForeignKey[@Name='FK_User_Role']","object_type":"ForeignKey"}},{"outputs":[],"execution_count":0,"cell_type":"code","source":["ALTER TABLE [dbo].[User]  WITH CHECK ADD  CONSTRAINT [FK_User_Role] FOREIGN KEY([RoleId])\r\nREFERENCES [dbo].[Role] ([Id])\r\n","GO\r\n","ALTER TABLE [dbo].[User] CHECK CONSTRAINT [FK_User_Role]\r\n","GO\r\n"],"metadata":{"urn":"Server[@Name='G2-PC-2']/Database[@Name='BaseWarehouseManagement']/Table[@Name='User' and @Schema='dbo']/ForeignKey[@Name='FK_User_Role']","object_type":"ForeignKey"}},{"cell_type":"markdown","source":["# [FK_WarehouseRecords_Item]"],"metadata":{"urn":"Server[@Name='G2-PC-2']/Database[@Name='BaseWarehouseManagement']/Table[@Name='WarehouseRecords' and @Schema='dbo']/ForeignKey[@Name='FK_WarehouseRecords_Item']","object_type":"ForeignKey"}},{"outputs":[],"execution_count":0,"cell_type":"code","source":["ALTER TABLE [dbo].[WarehouseRecords]  WITH CHECK ADD  CONSTRAINT [FK_WarehouseRecords_Item] FOREIGN KEY([ItemId])\r\nREFERENCES [dbo].[Item] ([Id])\r\n","GO\r\n","ALTER TABLE [dbo].[WarehouseRecords] CHECK CONSTRAINT [FK_WarehouseRecords_Item]\r\n","GO\r\n"],"metadata":{"urn":"Server[@Name='G2-PC-2']/Database[@Name='BaseWarehouseManagement']/Table[@Name='WarehouseRecords' and @Schema='dbo']/ForeignKey[@Name='FK_WarehouseRecords_Item']","object_type":"ForeignKey"}},{"cell_type":"markdown","source":["# [FK_WarehouseRecords_RecordType]"],"metadata":{"urn":"Server[@Name='G2-PC-2']/Database[@Name='BaseWarehouseManagement']/Table[@Name='WarehouseRecords' and @Schema='dbo']/ForeignKey[@Name='FK_WarehouseRecords_RecordType']","object_type":"ForeignKey"}},{"outputs":[],"execution_count":0,"cell_type":"code","source":["ALTER TABLE [dbo].[WarehouseRecords]  WITH CHECK ADD  CONSTRAINT [FK_WarehouseRecords_RecordType] FOREIGN KEY([RecordTypeId])\r\nREFERENCES [dbo].[RecordType] ([Id])\r\n","GO\r\n","ALTER TABLE [dbo].[WarehouseRecords] CHECK CONSTRAINT [FK_WarehouseRecords_RecordType]\r\n","GO\r\n"],"metadata":{"urn":"Server[@Name='G2-PC-2']/Database[@Name='BaseWarehouseManagement']/Table[@Name='WarehouseRecords' and @Schema='dbo']/ForeignKey[@Name='FK_WarehouseRecords_RecordType']","object_type":"ForeignKey"}},{"cell_type":"markdown","source":["# [FK_WarehouseRecords_ReocordState]"],"metadata":{"urn":"Server[@Name='G2-PC-2']/Database[@Name='BaseWarehouseManagement']/Table[@Name='WarehouseRecords' and @Schema='dbo']/ForeignKey[@Name='FK_WarehouseRecords_ReocordState']","object_type":"ForeignKey"}},{"outputs":[],"execution_count":0,"cell_type":"code","source":["ALTER TABLE [dbo].[WarehouseRecords]  WITH CHECK ADD  CONSTRAINT [FK_WarehouseRecords_ReocordState] FOREIGN KEY([RecordStateId])\r\nREFERENCES [dbo].[ReocordState] ([Id])\r\n","GO\r\n","ALTER TABLE [dbo].[WarehouseRecords] CHECK CONSTRAINT [FK_WarehouseRecords_ReocordState]\r\n","GO\r\n"],"metadata":{"urn":"Server[@Name='G2-PC-2']/Database[@Name='BaseWarehouseManagement']/Table[@Name='WarehouseRecords' and @Schema='dbo']/ForeignKey[@Name='FK_WarehouseRecords_ReocordState']","object_type":"ForeignKey"}},{"cell_type":"markdown","source":["# [FK_WarehouseRecords_User]"],"metadata":{"urn":"Server[@Name='G2-PC-2']/Database[@Name='BaseWarehouseManagement']/Table[@Name='WarehouseRecords' and @Schema='dbo']/ForeignKey[@Name='FK_WarehouseRecords_User']","object_type":"ForeignKey"}},{"outputs":[],"execution_count":0,"cell_type":"code","source":["ALTER TABLE [dbo].[WarehouseRecords]  WITH CHECK ADD  CONSTRAINT [FK_WarehouseRecords_User] FOREIGN KEY([UserId])\r\nREFERENCES [dbo].[User] ([Id])\r\n","GO\r\n","ALTER TABLE [dbo].[WarehouseRecords] CHECK CONSTRAINT [FK_WarehouseRecords_User]\r\n","GO\r\n"],"metadata":{"urn":"Server[@Name='G2-PC-2']/Database[@Name='BaseWarehouseManagement']/Table[@Name='WarehouseRecords' and @Schema='dbo']/ForeignKey[@Name='FK_WarehouseRecords_User']","object_type":"ForeignKey"}},{"cell_type":"markdown","source":["# [FK_WarehouseRecords_WarehouseRecords1]"],"metadata":{"urn":"Server[@Name='G2-PC-2']/Database[@Name='BaseWarehouseManagement']/Table[@Name='WarehouseRecords' and @Schema='dbo']/ForeignKey[@Name='FK_WarehouseRecords_WarehouseRecords1']","object_type":"ForeignKey"}},{"outputs":[],"execution_count":0,"cell_type":"code","source":["ALTER TABLE [dbo].[WarehouseRecords]  WITH CHECK ADD  CONSTRAINT [FK_WarehouseRecords_WarehouseRecords1] FOREIGN KEY([PlaceForStorageDetailId])\r\nREFERENCES [dbo].[PlaceForStorageDetail] ([Id])\r\n","GO\r\n","ALTER TABLE [dbo].[WarehouseRecords] CHECK CONSTRAINT [FK_WarehouseRecords_WarehouseRecords1]\r\n","GO\r\n"],"metadata":{"urn":"Server[@Name='G2-PC-2']/Database[@Name='BaseWarehouseManagement']/Table[@Name='WarehouseRecords' and @Schema='dbo']/ForeignKey[@Name='FK_WarehouseRecords_WarehouseRecords1']","object_type":"ForeignKey"}}]}